Ullage  (cm.),-1,0,1,2,3,4
0,15153.5,15153.5,15153.5,15153.5,15153.5,15153.5
1,15153.5,15153.5,15153.5,15153.5,15153.5,15153.5
2,15153.5,15153.5,15153.5,15153.5,15153.5,15153.5
3,15153.5,15153.5,15153.5,15153.5,15153.5,15153.5
4,15153.5,15153.5,15153.5,15153.5,15153.5,15153.5
5,15153.5,15153.5,15153.5,15153.5,15153.5,15153.5
6,15153.5,15153.5,15153.5,15153.5,15153.5,15153.5
7,15153.5,15153.5,15153.5,15153.5,15153.5,15153.4
8,15153.5,15153.5,15153.5,15153.5,15153.5,15153.4
9,15153.5,15153.5,15153.5,15153.5,15153.5,15153.3
10,15153.5,15153.5,15153.5,15153.5,15153.5,15153.2
11,15153.5,15153.5,15153.5,15153.5,15153.5,15153.1
12,15153.5,15153.5,15153.5,15153.5,15153.5,15153
13,15153.5,15153.5,15153.5,15153.5,15153.5,15152.8
14,15153.5,15153.5,15153.5,15153.5,15153.4,15152.7
15,15153.5,15153.5,15153.5,15153.5,15153.4,15152.5
16,15153.5,15153.5,15153.5,15153.5,15153.3,15152.3
17,15153.5,15153.5,15153.5,15153.5,15153.2,15152
18,15153.5,15153.5,15153.5,15153.5,15153,15151.8
19,15153.5,15153.5,15153.5,15153.5,15152.9,15151.5
20,15153.5,15153.5,15153.5,15153.5,15152.7,15151.2
21,15153.5,15153.5,15153.5,15153.4,15152.5,15150.9
22,15153.5,15153.5,15153.5,15153.3,15152.3,15150.5
23,15153.5,15153.5,15153.5,15153.2,15152.1,15150.2
24,15153.5,15153.5,15153.5,15153.1,15151.8,15149.8
25,15153.5,15153.5,15153.5,15152.9,15151.6,15149.4
26,15153.5,15153.5,15153.5,15152.8,15151.3,15149
27,15153.5,15153.5,15153.4,15152.6,15151,15148.5
28,15153.5,15153.5,15153.3,15152.4,15150.6,15148.1
29,15153.4,15153.5,15153.2,15152.2,15150.3,15147.6
30,15153.4,15153.5,15153.1,15151.9,15149.9,15147.1
31,15153.3,15153.5,15153,15151.6,15149.4,15146.5
32,15153.2,15153.4,15152.7,15151.2,15148.9,15145.8
33,15153,15153.2,15152.4,15150.8,15148.3,15145.1
34,15152.8,15152.9,15152.1,15150.3,15147.7,15144.3
35,15152.5,15152.6,15151.6,15149.7,15147,15143.5
36,15152.2,15152.2,15151.1,15149.1,15146.2,15142.5
37,15151.8,15151.7,15150.6,15148.4,15145.4,15141.6
38,15151.3,15151.2,15150,15147.7,15144.5,15140.5
39,15150.8,15150.6,15149.2,15146.8,15143.5,15139.4
40,15150.2,15149.9,15148.5,15146,15142.5,15138.3
41,15149.5,15149.1,15147.6,15145,15141.5,15137.1
42,15148.8,15148.3,15146.7,15144,15140.3,15135.8
43,15148,15147.4,15145.7,15142.9,15139.1,15134.4
44,15147.1,15146.4,15144.6,15141.8,15137.8,15133
45,15146.1,15145.3,15143.5,15140.5,15136.5,15131.6
46,15145,15144.2,15142.3,15139.2,15135.1,15130
47,15143.9,15143,15141,15137.9,15133.6,15128.4
48,15142.7,15141.7,15139.6,15136.4,15132.1,15126.8
49,15141.5,15140.4,15138.2,15134.9,15130.5,15125
50,15140.1,15138.9,15136.7,15133.3,15128.8,15123.3
51,15138.7,15137.4,15135.1,15131.6,15127.1,15121.4
52,15137.2,15135.9,15133.4,15129.9,15125.2,15119.5
53,15135.7,15134.2,15131.7,15128.1,15123.3,15117.5
54,15134.1,15132.5,15129.9,15126.2,15121.3,15115.4
55,15132.4,15130.7,15128,15124.2,15119.3,15113.3
56,15130.6,15128.9,15126.1,15122.2,15117.2,15111.1
57,15128.7,15126.9,15124,15120.1,15115,15108.8
58,15126.8,15124.9,15122,15117.9,15112.7,15106.5
59,15124.8,15122.9,15119.8,15115.6,15110.4,15104
60,15122.8,15120.7,15117.5,15113.3,15108,15101.5
61,15120.6,15118.5,15115.2,15110.9,15105.5,15099
62,15118.4,15116.2,15112.9,15108.4,15102.9,15096.3
63,15116.1,15113.8,15110.4,15105.9,15100.3,15093.6
64,15113.8,15111.4,15107.9,15103.3,15097.6,15090.8
65,15111.4,15108.9,15105.3,15100.6,15094.8,15087.9
66,15108.9,15106.3,15102.6,15097.8,15092,15085
67,15106.3,15103.6,15099.8,15095,15089,15082
68,15103.6,15100.9,15097,15092.1,15086,15078.9
69,15100.9,15098.1,15094.1,15089.1,15083,15075.7
70,15098.1,15095.2,15091.1,15086,15079.8,15072.5
71,15095.2,15092.2,15088.1,15082.9,15076.6,15069.2
72,15092.3,15089.2,15085,15079.7,15073.3,15065.8
73,15089.3,15086.1,15081.8,15076.4,15070,15062.4
74,15086.2,15082.9,15078.5,15073.1,15066.5,15058.9
75,15083,15079.7,15075.2,15069.7,15063,15055.3
76,15079.8,15076.4,15071.8,15066.2,15059.4,15051.6
77,15076.5,15073,15068.3,15062.6,15055.8,15047.9
78,15073.1,15069.5,15064.8,15059,15052,15044
79,15069.7,15066,15061.1,15055.2,15048.2,15040.2
80,15066.2,15062.4,15057.5,15051.5,15044.4,15036.2
81,15062.6,15058.7,15053.7,15047.6,15040.4,15032.2
82,15058.9,15054.9,15049.8,15043.7,15036.4,15028.1
83,15055.1,15051.1,15045.9,15039.7,15032.3,15023.9
84,15051.3,15047.2,15041.9,15035.6,15028.2,15019.6
85,15047.4,15043.2,15037.9,15031.4,15023.9,15015.3
86,15043.5,15039.2,15033.7,15027.2,15019.6,15010.9
87,15039.4,15035,15029.5,15022.9,15015.2,15006.4
88,15035.3,15030.8,15025.2,15018.6,15010.8,15001.9
89,15031.2,15026.6,15020.9,15014.1,15006.2,14997.3
90,15026.9,15022.2,15016.5,15009.6,15001.6,14992.6
91,15022.6,15017.8,15012,15005,14997,14987.8
92,15018.2,15013.3,15007.4,15000.3,14992.2,14983
93,15013.7,15008.8,15002.7,14995.6,14987.4,14978.1
94,15009.2,15004.1,14998,14990.8,14982.5,14973.1
95,15004.5,14999.4,14993.2,14985.9,14977.5,14968
96,14999.9,14994.7,14988.4,14981,14972.5,14962.9
97,14995.1,14989.8,14983.4,14976,14967.4,14957.7
98,14990.3,14984.9,14978.4,14970.9,14962.2,14952.5
99,14985.3,14979.9,14973.3,14965.7,14956.9,14947.1
100,14980.4,14974.8,14968.2,14960.4,14951.6,14941.7
101,14975.3,14969.7,14962.9,14955.1,14946.2,14936.3
102,14970.2,14964.5,14957.6,14949.7,14940.7,14930.7
103,14965,14959.2,14952.3,14944.3,14935.2,14925.1
104,14959.7,14953.8,14946.8,14938.7,14929.6,14919.5
105,14954.4,14948.4,14941.3,14933.1,14923.9,14913.8
106,14948.9,14942.9,14935.7,14927.4,14918.1,14908
107,14943.4,14937.3,14930,14921.7,14912.3,14902.1
108,14937.9,14931.6,14924.3,14915.9,14906.4,14896.3
109,14932.2,14925.9,14918.5,14910,14900.5,14890.3
110,14926.5,14920.1,14912.6,14904,14894.4,14884.3
111,14920.7,14914.2,14906.6,14897.9,14888.4,14878.3
112,14914.9,14908.3,14900.6,14891.8,14882.2,14872.2
113,14909,14902.3,14894.5,14885.7,14876,14866
114,14902.9,14896.2,14888.3,14879.4,14869.8,14859.8
115,14896.9,14890,14882.1,14873.1,14863.5,14853.6
116,14890.7,14883.8,14875.8,14866.7,14857.2,14847.3
117,14884.5,14877.5,14869.4,14860.3,14850.8,14840.9
118,14878.2,14871.1,14862.9,14853.8,14844.3,14834.5
119,14871.8,14864.6,14856.4,14847.3,14837.8,14828.1
120,14865.4,14858.1,14849.8,14840.7,14831.3,14821.6
121,14858.9,14851.5,14843.1,14834,14824.7,14815
122,14852.3,14844.8,14836.4,14827.3,14818,14808.4
123,14845.6,14838.1,14829.6,14820.6,14811.3,14801.7
124,14838.9,14831.3,14822.7,14813.8,14804.5,14795
125,14832.1,14824.4,14815.8,14806.9,14797.7,14788.2
126,14825.3,14817.4,14808.9,14800,14790.8,14781.4
127,14818.4,14810.4,14801.9,14793,14783.9,14774.5
128,14811.4,14803.3,14794.8,14786,14777,14767.6
129,14804.4,14796.2,14787.8,14779,14770,14760.7
130,14797.3,14789.1,14780.7,14772,14763,14753.8
131,14790.2,14782,14773.6,14765,14756.1,14746.9
132,14783.2,14774.8,14766.5,14757.9,14749.1,14739.9
133,14776.1,14767.7,14759.4,14750.9,14742.1,14733
134,14768.9,14760.6,14752.3,14743.8,14735.1,14726
135,14761.8,14753.5,14745.1,14736.7,14728,14719.1
136,14754.7,14746.4,14738,14729.6,14721,14712.1
137,14747.6,14739.3,14730.9,14722.5,14714,14705.1
138,14740.5,14732.1,14723.8,14715.4,14706.9,14698.1
139,14733.4,14725,14716.7,14708.3,14699.8,14691.1
140,14726.3,14717.9,14709.6,14701.2,14692.8,14684.1
141,14719.1,14710.8,14702.5,14694.1,14685.7,14677
142,14712,14703.7,14695.3,14687,14678.6,14670
143,14704.9,14696.6,14688.2,14679.9,14671.5,14662.9
144,14697.8,14689.5,14681.1,14672.7,14664.4,14655.9
145,14690.7,14682.3,14674,14665.6,14657.2,14648.8
146,14683.6,14675.2,14666.9,14658.5,14650.1,14641.7
147,14676.4,14668.1,14659.8,14651.4,14643,14634.6
148,14669.3,14661,14652.6,14644.3,14635.9,14627.5
149,14662.2,14653.9,14645.5,14637.2,14628.8,14620.4
150,14655.1,14646.8,14638.4,14630,14621.7,14613.3
151,14648,14639.6,14631.3,14622.9,14614.6,14606.2
152,14640.9,14632.5,14624.2,14615.8,14607.4,14599
153,14633.8,14625.4,14617.1,14608.7,14600.3,14591.9
154,14626.6,14618.3,14610,14601.6,14593.2,14584.8
155,14619.5,14611.2,14602.8,14594.5,14586.1,14577.7
156,14612.4,14604.1,14595.7,14587.4,14579,14570.6
157,14605.3,14597,14588.6,14580.2,14571.9,14563.5
158,14598.2,14589.8,14581.5,14573.1,14564.7,14556.3
159,14591.1,14582.7,14574.4,14566,14557.6,14549.2
160,14583.9,14575.6,14567.3,14558.9,14550.5,14542.1
161,14576.8,14568.5,14560.1,14551.8,14543.4,14535
162,14569.7,14561.4,14553,14544.7,14536.3,14527.9
163,14562.6,14554.3,14545.9,14537.5,14529.2,14520.8
164,14555.5,14547.2,14538.8,14530.4,14522,14513.6
165,14548.4,14540,14531.7,14523.3,14514.9,14506.5
166,14541.3,14532.9,14524.6,14516.2,14507.8,14499.4
167,14534.1,14525.8,14517.5,14509.1,14500.7,14492.3
168,14527,14518.7,14510.3,14502,14493.6,14485.2
169,14519.9,14511.6,14503.2,14494.9,14486.5,14478.1
170,14512.8,14504.5,14496.1,14487.7,14479.4,14471
171,14505.7,14497.3,14489,14480.6,14472.2,14463.8
172,14498.6,14490.2,14481.9,14473.5,14465.1,14456.7
173,14491.4,14483.1,14474.8,14466.4,14458,14449.6
174,14484.3,14476,14467.6,14459.3,14450.9,14442.5
175,14477.2,14468.9,14460.5,14452.2,14443.8,14435.4
176,14470.1,14461.8,14453.4,14445,14436.7,14428.3
177,14463,14454.7,14446.3,14437.9,14429.5,14421.1
178,14455.9,14447.5,14439.2,14430.8,14422.4,14414
179,14448.8,14440.4,14432.1,14423.7,14415.3,14406.9
180,14441.6,14433.3,14425,14416.6,14408.2,14399.8
181,14434.5,14426.2,14417.8,14409.5,14401.1,14392.7
182,14427.4,14419.1,14410.7,14402.4,14394,14385.6
183,14420.3,14412,14403.6,14395.2,14386.8,14378.4
184,14413.2,14404.8,14396.5,14388.1,14379.7,14371.3
185,14406.1,14397.7,14389.4,14381,14372.6,14364.2
186,14398.9,14390.6,14382.3,14373.9,14365.5,14357.1
187,14391.8,14383.5,14375.1,14366.8,14358.4,14350
188,14384.7,14376.4,14368,14359.7,14351.3,14342.9
189,14377.6,14369.3,14360.9,14352.5,14344.2,14335.7
190,14370.5,14362.2,14353.8,14345.4,14337,14328.6
191,14363.4,14355,14346.7,14338.3,14329.9,14321.5
192,14356.3,14347.9,14339.6,14331.2,14322.8,14314.4
193,14349.1,14340.8,14332.5,14324.1,14315.7,14307.3
194,14342,14333.7,14325.3,14317,14308.6,14300.2
195,14334.9,14326.6,14318.2,14309.9,14301.5,14293
196,14327.8,14319.5,14311.1,14302.7,14294.3,14285.9
197,14320.7,14312.3,14304,14295.6,14287.2,14278.8
198,14313.6,14305.2,14296.9,14288.5,14280.1,14271.7
199,14306.4,14298.1,14289.8,14281.4,14273,14264.6
200,14299.3,14291,14282.6,14274.3,14265.9,14257.5
201,14292.2,14283.9,14275.5,14267.2,14258.8,14250.4
202,14285.1,14276.8,14268.4,14260,14251.6,14243.2
203,14278,14269.7,14261.3,14252.9,14244.5,14236.1
204,14270.9,14262.5,14254.2,14245.8,14237.4,14229
205,14263.8,14255.4,14247.1,14238.7,14230.3,14221.9
206,14256.6,14248.3,14240,14231.6,14223.2,14214.8
207,14249.5,14241.2,14232.8,14224.5,14216.1,14207.7
208,14242.4,14234.1,14225.7,14217.3,14209,14200.5
209,14235.3,14227,14218.6,14210.2,14201.8,14193.4
210,14228.2,14219.8,14211.5,14203.1,14194.7,14186.3
211,14221.1,14212.7,14204.4,14196,14187.6,14179.2
212,14213.9,14205.6,14197.3,14188.9,14180.5,14172.1
213,14206.8,14198.5,14190.1,14181.8,14173.4,14165
214,14199.7,14191.4,14183,14174.7,14166.3,14157.8
215,14192.6,14184.3,14175.9,14167.5,14159.1,14150.7
216,14185.5,14177.2,14168.8,14160.4,14152,14143.6
217,14178.4,14170,14161.7,14153.3,14144.9,14136.5
218,14171.3,14162.9,14154.6,14146.2,14137.8,14129.4
219,14164.1,14155.8,14147.5,14139.1,14130.7,14122.3
220,14157,14148.7,14140.3,14132,14123.6,14115.1
221,14149.9,14141.6,14133.2,14124.8,14116.4,14108
222,14142.8,14134.5,14126.1,14117.7,14109.3,14100.9
223,14135.7,14127.3,14119,14110.6,14102.2,14093.8
224,14128.6,14120.2,14111.9,14103.5,14095.1,14086.7
225,14121.4,14113.1,14104.8,14096.4,14088,14079.6
226,14114.3,14106,14097.6,14089.3,14080.9,14072.4
227,14107.2,14098.9,14090.5,14082.2,14073.8,14065.3
228,14100.1,14091.8,14083.4,14075,14066.6,14058.2
229,14093,14084.7,14076.3,14067.9,14059.5,14051.1
230,14085.9,14077.5,14069.2,14060.8,14052.4,14044
231,14078.8,14070.4,14062.1,14053.7,14045.3,14036.9
232,14071.6,14063.3,14055,14046.6,14038.2,14029.8
233,14064.5,14056.2,14047.8,14039.5,14031.1,14022.6
234,14057.4,14049.1,14040.7,14032.3,14023.9,14015.5
235,14050.3,14042,14033.6,14025.2,14016.8,14008.4
236,14043.2,14034.8,14026.5,14018.1,14009.7,14001.3
237,14036.1,14027.7,14019.4,14011,14002.6,13994.2
238,14028.9,14020.6,14012.3,14003.9,13995.5,13987.1
239,14021.8,14013.5,14005.1,13996.8,13988.4,13979.9
240,14014.7,14006.4,13998,13989.7,13981.2,13972.8
241,14007.6,13999.3,13990.9,13982.5,13974.1,13965.7
242,14000.5,13992.2,13983.8,13975.4,13967,13958.6
243,13993.4,13985,13976.7,13968.3,13959.9,13951.5
244,13986.2,13977.9,13969.6,13961.2,13952.8,13944.4
245,13979.1,13970.8,13962.5,13954.1,13945.7,13937.2
246,13972,13963.7,13955.3,13947,13938.6,13930.1
247,13964.9,13956.6,13948.2,13939.8,13931.4,13923
248,13957.8,13949.5,13941.1,13932.7,13924.3,13915.9
249,13950.7,13942.3,13934,13925.6,13917.2,13908.8
250,13943.6,13935.2,13926.9,13918.5,13910.1,13901.7
251,13936.4,13928.1,13919.8,13911.4,13903,13894.5
252,13929.3,13921,13912.6,13904.3,13895.9,13887.4
253,13922.2,13913.9,13905.5,13897.2,13888.7,13880.3
254,13915.1,13906.8,13898.4,13890,13881.6,13873.2
255,13908,13899.7,13891.3,13882.9,13874.5,13866.1
256,13900.9,13892.5,13884.2,13875.8,13867.4,13859
257,13893.8,13885.4,13877.1,13868.7,13860.3,13851.8
258,13886.6,13878.3,13870,13861.6,13853.2,13844.7
259,13879.5,13871.2,13862.8,13854.5,13846,13837.6
260,13872.4,13864.1,13855.7,13847.3,13838.9,13830.5
261,13865.3,13857,13848.6,13840.2,13831.8,13823.4
262,13858.2,13849.8,13841.5,13833.1,13824.7,13816.3
263,13851.1,13842.7,13834.4,13826,13817.6,13809.1
264,13843.9,13835.6,13827.3,13818.9,13810.5,13802
265,13836.8,13828.5,13820.1,13811.8,13803.4,13794.9
266,13829.7,13821.4,13813,13804.6,13796.2,13787.8
267,13822.6,13814.3,13805.9,13797.5,13789.1,13780.7
268,13815.5,13807.2,13798.8,13790.4,13782,13773.6
269,13808.4,13800,13791.7,13783.3,13774.9,13766.5
270,13801.3,13792.9,13784.6,13776.2,13767.8,13759.3
275,13765.7,13757.3,13749,13740.6,13732.2,13723.8
280,13730.1,13721.8,13713.4,13705,13696.6,13688.2
285,13694.5,13686.2,13677.8,13669.5,13661,13652.6
290,13658.9,13650.6,13642.3,13633.9,13625.5,13617
295,13623.4,13615,13606.7,13598.3,13589.9,13581.4
300,13587.8,13579.5,13571.1,13562.7,13554.3,13545.9
305,13552.2,13543.9,13535.5,13527.1,13518.7,13510.3
310,13516.6,13508.3,13500,13491.6,13483.1,13474.7
315,13481.1,13472.7,13464.4,13456,13447.6,13439.1
320,13445.5,13437.2,13428.8,13420.4,13412,13403.5
325,13409.9,13401.6,13393.2,13384.8,13376.4,13367.9
330,13374.3,13366,13357.6,13349.3,13340.8,13332.4
335,13338.7,13330.4,13322.1,13313.7,13305.2,13296.8
340,13303.2,13294.8,13286.5,13278.1,13269.7,13261.2
345,13267.6,13259.3,13250.9,13242.5,13234.1,13225.6
350,13232,13223.7,13215.3,13206.9,13198.5,13190
355,13196.4,13188.1,13179.8,13171.4,13162.9,13154.5
360,13160.9,13152.5,13144.2,13135.8,13127.4,13118.9
365,13125.3,13117,13108.6,13100.2,13091.8,13083.3
370,13089.7,13081.4,13073,13064.6,13056.2,13047.7
375,13054.1,13045.8,13037.5,13029.1,13020.6,13012.1
380,13018.6,13010.2,13001.9,12993.5,12985,12976.6
385,12983,12974.7,12966.3,12957.9,12949.5,12941
390,12947.4,12939.1,12930.7,12922.3,12913.9,12905.4
395,12911.8,12903.5,12895.1,12886.7,12878.3,12869.8
400,12876.3,12867.9,12859.6,12851.2,12842.7,12834.2
405,12840.7,12832.4,12824,12815.6,12807.1,12798.7
410,12805.1,12796.8,12788.4,12780,12771.6,12763.1
415,12769.5,12761.2,12752.8,12744.4,12736,12727.5
420,12733.9,12725.6,12717.3,12708.9,12700.4,12691.9
425,12698.4,12690,12681.7,12673.3,12664.8,12656.3
430,12662.8,12654.5,12646.1,12637.7,12629.2,12620.8
435,12627.2,12618.9,12610.5,12602.1,12593.7,12585.2
440,12591.6,12583.3,12575,12566.5,12558.1,12549.6
445,12556.1,12547.7,12539.4,12531,12522.5,12514
450,12520.5,12512.2,12503.8,12495.4,12486.9,12478.4
455,12484.9,12476.6,12468.2,12459.8,12451.3,12442.8
460,12449.3,12441,12432.6,12424.2,12415.8,12407.3
465,12413.8,12405.4,12397.1,12388.7,12380.2,12371.7
470,12378.2,12369.9,12361.5,12353.1,12344.6,12336.1
475,12342.6,12334.3,12325.9,12317.5,12309,12300.5
480,12307,12298.7,12290.3,12281.9,12273.5,12264.9
485,12271.4,12263.1,12254.8,12246.3,12237.9,12229.4
490,12235.9,12227.5,12219.2,12210.8,12202.3,12193.8
495,12200.3,12192,12183.6,12175.2,12166.7,12158.2
500,12164.7,12156.4,12148,12139.6,12131.1,12122.6
505,12129.1,12120.8,12112.5,12104,12095.6,12087
510,12093.6,12085.2,12076.9,12068.5,12060,12051.5
515,12058,12049.7,12041.3,12032.9,12024.4,12015.9
520,12022.4,12014.1,12005.7,11997.3,11988.8,11980.3
525,11986.8,11978.5,11970.1,11961.7,11953.2,11944.7
530,11951.2,11942.9,11934.6,11926.1,11917.7,11909.1
535,11915.7,11907.4,11899,11890.6,11882.1,11873.6
540,11880.1,11871.8,11863.4,11855,11846.5,11838
545,11844.5,11836.2,11827.8,11819.4,11810.9,11802.4
550,11808.9,11800.6,11792.3,11783.8,11775.4,11766.8
555,11773.4,11765.1,11756.7,11748.3,11739.8,11731.2
560,11737.8,11729.5,11721.1,11712.7,11704.2,11695.7
565,11702.2,11693.9,11685.5,11677.1,11668.6,11660.1
570,11666.6,11658.3,11650,11641.5,11633,11624.5
575,11631.1,11622.7,11614.4,11605.9,11597.5,11588.9
580,11595.5,11587.2,11578.8,11570.4,11561.9,11553.3
585,11559.9,11551.6,11543.2,11534.8,11526.3,11517.7
590,11524.3,11516,11507.6,11499.2,11490.7,11482.2
595,11488.7,11480.4,11472.1,11463.6,11455.1,11446.6
600,11453.2,11444.9,11436.5,11428.1,11419.6,11411
605,11417.6,11409.3,11400.9,11392.5,11384,11375.4
610,11382,11373.7,11365.3,11356.9,11348.4,11339.8
615,11346.4,11338.1,11329.8,11321.3,11312.8,11304.3
620,11310.9,11302.6,11294.2,11285.7,11277.2,11268.7
625,11275.3,11267,11258.6,11250.2,11241.7,11233.1
630,11239.7,11231.4,11223,11214.6,11206.1,11197.5
635,11204.1,11195.8,11187.5,11179,11170.5,11161.9
640,11168.6,11160.2,11151.9,11143.4,11134.9,11126.4
645,11133,11124.7,11116.3,11107.9,11099.3,11090.8
650,11097.4,11089.1,11080.7,11072.3,11063.8,11055.2
655,11061.8,11053.5,11045.1,11036.7,11028.2,11019.6
660,11026.2,11017.9,11009.6,11001.1,10992.6,10984
665,10990.7,10982.4,10974,10965.5,10957,10948.5
670,10955.1,10946.8,10938.4,10930,10921.5,10912.9
675,10919.5,10911.2,10902.8,10894.4,10885.9,10877.3
680,10883.9,10875.6,10867.3,10858.8,10850.3,10841.7
685,10848.4,10840.1,10831.7,10823.2,10814.7,10806.1
690,10812.8,10804.5,10796.1,10787.7,10779.1,10770.6
695,10777.2,10768.9,10760.5,10752.1,10743.6,10735
700,10741.6,10733.3,10725,10716.5,10708,10699.4
705,10706.1,10697.8,10689.4,10680.9,10672.4,10663.8
710,10670.5,10662.2,10653.8,10645.3,10636.8,10628.2
715,10634.9,10626.6,10618.2,10609.8,10601.2,10592.6
720,10599.3,10591,10582.6,10574.2,10565.7,10557.1
725,10563.8,10555.4,10547.1,10538.6,10530.1,10521.5
730,10528.2,10519.9,10511.5,10503,10494.5,10485.9
735,10492.6,10484.3,10475.9,10467.5,10458.9,10450.3
740,10457,10448.7,10440.3,10431.9,10423.3,10414.7
745,10421.4,10413.1,10404.8,10396.3,10387.8,10379.2
750,10385.9,10377.6,10369.2,10360.7,10352.2,10343.6
755,10350.3,10342,10333.6,10325.1,10316.6,10308
760,10314.7,10306.4,10298,10289.6,10281,10272.4
765,10279.1,10270.8,10262.4,10254,10245.5,10236.8
770,10243.6,10235.3,10226.9,10218.4,10209.9,10201.3
775,10208,10199.7,10191.3,10182.8,10174.3,10165.7
780,10172.4,10164.1,10155.7,10147.3,10138.7,10130.1
785,10136.8,10128.5,10120.1,10111.7,10103.1,10094.5
790,10101.2,10092.9,10084.6,10076.1,10067.6,10058.9
795,10065.7,10057.4,10049,10040.5,10032,10023.4
800,10030.1,10021.8,10013.4,10004.9,9996.4,9987.8
805,9994.5,9986.2,9977.8,9969.4,9960.8,9952.2
810,9958.9,9950.6,9942.3,9933.8,9925.2,9916.6
815,9923.4,9915.1,9906.7,9898.2,9889.7,9881
820,9887.8,9879.5,9871.1,9862.6,9854.1,9845.4
825,9852.2,9843.9,9835.5,9827.1,9818.5,9809.9
830,9816.6,9808.3,9799.9,9791.5,9782.9,9774.3
835,9781.1,9772.8,9764.4,9755.9,9747.3,9738.7
840,9745.5,9737.2,9728.8,9720.3,9711.8,9703.1
845,9709.9,9701.6,9693.2,9684.7,9676.2,9667.5
850,9674.3,9666,9657.6,9649.2,9640.6,9632
855,9638.7,9630.4,9622.1,9613.6,9605,9596.4
860,9603.2,9594.9,9586.5,9578,9569.5,9560.8
865,9567.6,9559.3,9550.9,9542.4,9533.9,9525.2
870,9532,9523.7,9515.3,9506.9,9498.3,9489.6
875,9496.4,9488.1,9479.8,9471.3,9462.7,9454.1
880,9460.9,9452.6,9444.2,9435.7,9427.1,9418.5
885,9425.3,9417,9408.6,9400.1,9391.6,9382.9
890,9389.7,9381.4,9373,9364.5,9356,9347.3
895,9354.1,9345.8,9337.4,9329,9320.4,9311.7
900,9318.6,9310.3,9301.9,9293.4,9284.8,9276.2
905,9283,9274.7,9266.3,9257.8,9249.2,9240.6
910,9247.4,9239.1,9230.7,9222.2,9213.7,9205
915,9211.8,9203.5,9195.1,9186.7,9178.1,9169.4
920,9176.2,9168,9159.6,9151.1,9142.5,9133.8
925,9140.7,9132.4,9124,9115.5,9106.9,9098.3
930,9105.1,9096.8,9088.4,9079.9,9071.3,9062.7
935,9069.5,9061.2,9052.8,9044.4,9035.8,9027.1
940,9033.9,9025.6,9017.3,9008.8,9000.2,8991.5
945,8998.4,8990.1,8981.7,8973.2,8964.6,8955.9
950,8962.8,8954.5,8946.1,8937.6,8929,8920.4
955,8927.2,8918.9,8910.5,8902,8893.5,8884.8
960,8891.6,8883.3,8874.9,8866.5,8857.9,8849.2
965,8856.1,8847.8,8839.4,8830.9,8822.3,8813.6
970,8820.5,8812.2,8803.8,8795.3,8786.7,8778
975,8784.9,8776.6,8768.2,8759.7,8751.1,8742.4
980,8749.3,8741,8732.6,8724.1,8715.6,8706.9
985,8713.7,8705.5,8697.1,8688.6,8680,8671.3
990,8678.2,8669.9,8661.5,8653,8644.4,8635.7
995,8642.6,8634.3,8625.9,8617.4,8608.8,8600.1
1000,8607,8598.7,8590.3,8581.8,8573.2,8564.5
1005,8571.4,8563.1,8554.8,8546.3,8537.7,8529
1010,8535.9,8527.6,8519.2,8510.7,8502.1,8493.4
1015,8500.3,8492,8483.6,8475.1,8466.5,8457.8
1020,8464.7,8456.4,8448,8439.5,8430.9,8422.2
1025,8429.1,8420.8,8412.4,8404,8395.3,8386.6
1030,8393.6,8385.3,8376.9,8368.4,8359.8,8351.1
1035,8358,8349.7,8341.3,8332.8,8324.2,8315.5
1040,8322.4,8314.1,8305.7,8297.2,8288.6,8279.9
1045,8286.8,8278.5,8270.1,8261.6,8253,8244.3
1050,8251.2,8243,8234.6,8226.1,8217.5,8208.7
1055,8215.7,8207.4,8199,8190.5,8181.9,8173.2
1060,8180.1,8171.8,8163.4,8154.9,8146.3,8137.6
1065,8144.5,8136.2,8127.8,8119.3,8110.7,8102
1070,8108.9,8100.7,8092.3,8083.8,8075.1,8066.4
1075,8073.4,8065.1,8056.7,8048.2,8039.6,8030.8
1080,8037.8,8029.5,8021.1,8012.6,8004,7995.3
1085,8002.2,7993.9,7985.5,7977,7968.4,7959.7
1090,7966.6,7958.3,7950,7941.4,7932.8,7924.1
1095,7931.1,7922.8,7914.4,7905.9,7897.2,7888.5
1100,7895.5,7887.2,7878.8,7870.3,7861.7,7852.9
1105,7859.9,7851.6,7843.2,7834.7,7826.1,7817.3
1110,7824.3,7816,7807.6,7799.1,7790.5,7781.8
1115,7788.7,7780.5,7772.1,7763.6,7754.9,7746.2
1120,7753.2,7744.9,7736.5,7728,7719.3,7710.6
1125,7717.6,7709.3,7700.9,7692.4,7683.8,7675
1130,7682,7673.7,7665.3,7656.8,7648.2,7639.4
1135,7646.4,7638.2,7629.8,7621.2,7612.6,7603.9
1140,7610.9,7602.6,7594.2,7585.7,7577,7568.3
1145,7575.3,7567,7558.6,7550.1,7541.5,7532.7
1150,7539.7,7531.4,7523,7514.5,7505.9,7497.1
1155,7504.1,7495.9,7487.4,7478.9,7470.3,7461.5
1160,7468.6,7460.3,7451.9,7443.4,7434.7,7426
1165,7433,7424.7,7416.3,7407.8,7399.1,7390.4
1170,7397.4,7389.1,7380.7,7372.2,7363.6,7354.8
1175,7361.8,7353.5,7345.1,7336.6,7328,7319.2
1180,7326.2,7318,7309.6,7301,7292.4,7283.6
1185,7290.7,7282.4,7274,7265.5,7256.8,7248.1
1190,7255.1,7246.8,7238.4,7229.9,7221.2,7212.5
1195,7219.5,7211.2,7202.8,7194.3,7185.7,7176.9
1200,7183.9,7175.7,7167.3,7158.7,7150.1,7141.3
1205,7148.4,7140.1,7131.7,7123.2,7114.5,7105.7
1210,7112.8,7104.5,7096.1,7087.6,7078.9,7070.2
1215,7077.2,7068.9,7060.5,7052,7043.3,7034.6
1220,7041.6,7033.4,7024.9,7016.4,7007.8,6999
1225,7006.1,6997.8,6989.4,6980.8,6972.2,6963.4
1230,6970.5,6962.2,6953.8,6945.3,6936.6,6927.8
1235,6934.9,6926.6,6918.2,6909.7,6901,6892.2
1240,6899.3,6891,6882.6,6874.1,6865.5,6856.7
1245,6863.7,6855.5,6847.1,6838.5,6829.9,6821.1
1250,6828.2,6819.9,6811.5,6803,6794.3,6785.5
1255,6792.6,6784.3,6775.9,6767.4,6758.7,6749.9
1260,6757,6748.7,6740.3,6731.8,6723.1,6714.3
1265,6721.4,6713.2,6704.8,6696.2,6687.6,6678.8
1270,6685.9,6677.6,6669.2,6660.6,6652,6643.2
1275,6650.3,6642,6633.6,6625.1,6616.4,6607.6
1280,6614.7,6606.4,6598,6589.5,6580.8,6572
1285,6579.1,6570.9,6562.4,6553.9,6545.2,6536.4
1290,6543.6,6535.3,6526.9,6518.3,6509.7,6500.9
1295,6508,6499.7,6491.3,6482.8,6474.1,6465.3
1300,6472.4,6464.1,6455.7,6447.2,6438.5,6429.7
1305,6436.8,6428.5,6420.1,6411.6,6402.9,6394.1
1310,6401.2,6393,6384.6,6376,6367.3,6358.5
1315,6365.7,6357.4,6349,6340.4,6331.8,6323
1320,6330.1,6321.8,6313.4,6304.9,6296.2,6287.4
1325,6294.5,6286.2,6277.8,6269.3,6260.6,6251.8
1330,6258.9,6250.7,6242.3,6233.7,6225,6216.2
1335,6223.4,6215.1,6206.7,6198.1,6189.5,6180.6
1340,6187.8,6179.5,6171.1,6162.6,6153.9,6145.1
1345,6152.2,6143.9,6135.5,6127,6118.3,6109.5
1350,6116.6,6108.4,6099.9,6091.4,6082.7,6073.9
1355,6081.1,6072.8,6064.4,6055.8,6047.1,6038.3
1360,6045.5,6037.2,6028.8,6020.2,6011.6,6002.7
1365,6009.9,6001.6,5993.2,5984.7,5976,5967.1
1370,5974.3,5966.1,5957.6,5949.1,5940.4,5931.6
1375,5938.7,5930.5,5922.1,5913.5,5904.8,5896
1380,5903.2,5894.9,5886.5,5877.9,5869.2,5860.4
1385,5867.6,5859.3,5850.9,5842.4,5833.7,5824.8
1390,5832,5823.7,5815.3,5806.8,5798.1,5789.2
1395,5796.4,5788.2,5779.8,5771.2,5762.5,5753.7
1400,5760.9,5752.6,5744.2,5735.6,5726.9,5718.1
1405,5725.3,5717,5708.6,5700,5691.3,5682.5
1410,5689.7,5681.4,5673,5664.5,5655.8,5646.9
1415,5654.1,5645.9,5637.4,5628.9,5620.2,5611.3
1420,5618.6,5610.3,5601.9,5593.3,5584.6,5575.8
1425,5583,5574.7,5566.3,5557.7,5549,5540.2
1430,5547.4,5539.1,5530.7,5522.2,5513.5,5504.6
1435,5511.8,5503.6,5495.1,5486.6,5477.9,5469
1440,5476.2,5468,5459.6,5451,5442.3,5433.4
1445,5440.7,5432.4,5424,5415.4,5406.7,5397.9
1450,5405.1,5396.8,5388.4,5379.8,5371.1,5362.3
1455,5369.5,5361.2,5352.8,5344.3,5335.6,5326.7
1460,5333.9,5325.7,5317.3,5308.7,5300,5291.1
1465,5298.4,5290.1,5281.7,5273.1,5264.4,5255.5
1470,5262.8,5254.5,5246.1,5237.5,5228.8,5220
1475,5227.2,5218.9,5210.5,5202,5193.2,5184.4
1480,5191.6,5183.4,5174.9,5166.4,5157.7,5148.8
1485,5156.1,5147.8,5139.4,5130.8,5122.1,5113.2
1490,5120.5,5112.2,5103.8,5095.2,5086.5,5077.6
1495,5084.9,5076.6,5068.2,5059.6,5050.9,5042
1500,5049.3,5041.1,5032.6,5024.1,5015.3,5006.5
1505,5013.7,5005.5,4997.1,4988.5,4979.8,4970.9
1510,4978.2,4969.9,4961.5,4952.9,4944.2,4935.3
1515,4942.6,4934.3,4925.9,4917.3,4908.6,4899.7
1520,4907,4898.8,4890.3,4881.8,4873,4864.1
1525,4871.4,4863.2,4854.8,4846.2,4837.5,4828.6
1530,4835.9,4827.6,4819.2,4810.6,4801.9,4793
1535,4800.3,4792,4783.6,4775,4766.3,4757.4
1540,4764.7,4756.4,4748,4739.4,4730.7,4721.8
1545,4729.1,4720.9,4712.4,4703.9,4695.1,4686.2
1550,4693.6,4685.3,4676.9,4668.3,4659.6,4650.7
1555,4658,4649.7,4641.3,4632.7,4624,4615.1
1560,4622.4,4614.1,4605.7,4597.1,4588.4,4579.5
1565,4586.8,4578.6,4570.1,4561.6,4552.8,4543.9
1570,4551.2,4543,4534.6,4526,4517.2,4508.3
1575,4515.7,4507.4,4499,4490.4,4481.7,4472.8
1580,4480.1,4471.8,4463.4,4454.8,4446.1,4437.2
1585,4444.5,4436.3,4427.8,4419.2,4410.5,4401.6
1590,4408.9,4400.7,4392.3,4383.7,4374.9,4366
1595,4373.4,4365.1,4356.7,4348.1,4339.3,4330.4
1600,4337.8,4329.5,4321.1,4312.5,4303.8,4294.9
1605,4302.2,4293.9,4285.5,4276.9,4268.2,4259.3
1610,4266.6,4258.4,4249.9,4241.4,4232.6,4223.7
1615,4231.1,4222.8,4214.4,4205.8,4197,4188.1
1620,4195.5,4187.2,4178.8,4170.2,4161.4,4152.5
1625,4159.9,4151.6,4143.2,4134.6,4125.9,4116.9
1630,4124.3,4116.1,4107.6,4099,4090.3,4081.4
1635,4088.7,4080.5,4072.1,4063.5,4054.7,4045.8
1640,4053.2,4044.9,4036.5,4027.9,4019.1,4010.2
1645,4017.6,4009.3,4000.9,3992.3,3983.6,3974.6
1650,3982,3973.8,3965.3,3956.7,3948,3939
1655,3946.4,3938.2,3929.8,3921.2,3912.4,3903.5
1660,3910.9,3902.6,3894.2,3885.6,3876.8,3867.9
1665,3875.3,3867,3858.6,3850,3841.2,3832.3
1670,3839.7,3831.5,3823,3814.4,3805.7,3796.7
1675,3804.1,3795.9,3787.4,3778.8,3770.1,3761.1
1680,3768.6,3760.3,3751.9,3743.3,3734.5,3725.6
1685,3733,3724.7,3716.3,3707.7,3698.9,3690
1690,3697.4,3689.1,3680.7,3672.1,3663.3,3654.4
1695,3661.8,3653.6,3645.1,3636.5,3627.8,3618.8
1700,3626.2,3618,3609.6,3601,3592.2,3583.2
1705,3590.7,3582.4,3574,3565.4,3556.6,3547.7
1710,3555.1,3546.8,3538.4,3529.8,3521,3512.1
1715,3519.5,3511.3,3502.8,3494.2,3485.4,3476.5
1720,3483.9,3475.7,3467.3,3458.7,3449.9,3440.9
1725,3448.4,3440.1,3431.7,3423.1,3414.3,3405.3
1730,3412.8,3404.5,3396.1,3387.5,3378.7,3369.8
1735,3377.2,3369,3360.5,3351.9,3343.1,3334.2
1740,3341.6,3333.4,3324.9,3316.3,3307.6,3298.6
1745,3306.1,3297.8,3289.4,3280.8,3272,3263
1750,3270.5,3262.2,3253.8,3245.2,3236.4,3227.4
1755,3234.9,3226.6,3218.2,3209.6,3200.8,3191.8
1760,3199.3,3191.1,3182.6,3174,3165.2,3156.3
1765,3163.7,3155.5,3147.1,3138.5,3129.7,3120.7
1770,3128.2,3119.9,3111.5,3102.9,3094.1,3085.1
1775,3092.6,3084.3,3075.9,3067.3,3058.5,3049.5
1780,3057,3048.8,3040.3,3031.7,3022.9,3013.9
1785,3021.4,3013.2,3004.8,2996.1,2987.3,2978.4
1790,2985.9,2977.6,2969.2,2960.6,2951.8,2942.8
1795,2950.3,2942,2933.6,2925,2916.2,2907.3
1800,2914.7,2906.5,2898,2889.4,2880.6,2871.7
1805,2879.1,2870.9,2862.4,2853.9,2845.1,2836.2
1810,2843.6,2835.3,2826.9,2818.3,2809.6,2800.8
1815,2808,2799.8,2791.4,2782.9,2774.2,2765.3
1820,2772.6,2764.3,2755.9,2747.4,2738.8,2730
1825,2737.2,2728.9,2720.6,2712.1,2703.5,2694.7
1830,2701.9,2693.7,2685.3,2676.9,2668.3,2659.5
1835,2666.6,2658.5,2650.2,2641.7,2633.1,2624.4
1840,2631.5,2623.3,2615.1,2606.6,2598.1,2589.4
1845,2596.4,2588.3,2580,2571.6,2563.1,2554.4
1850,2561.5,2553.4,2545.1,2536.7,2528.2,2519.6
1855,2526.6,2518.5,2510.3,2501.9,2493.4,2484.8
1860,2491.8,2483.7,2475.5,2467.2,2458.7,2450.1
1865,2457.1,2449,2440.8,2432.5,2424,2415.4
1870,2422.4,2414.4,2406.2,2397.9,2389.5,2380.9
1875,2387.9,2379.9,2371.7,2363.4,2355,2346.5
1880,2353.4,2345.4,2337.3,2329,2320.6,2312.1
1885,2319,2311.1,2302.9,2294.7,2286.3,2277.8
1890,2284.7,2276.8,2268.7,2260.5,2252.1,2243.6
1895,2250.5,2242.6,2234.5,2226.3,2218,2209.5
1900,2216.4,2208.5,2200.4,2192.2,2183.9,2175.4
1905,2182.3,2174.4,2166.4,2158.2,2149.9,2141.5
1910,2148.4,2140.5,2132.5,2124.3,2116,2107.6
1915,2114.5,2106.6,2098.6,2090.5,2082.2,2073.8
1920,2080.7,2072.8,2064.9,2056.8,2048.5,2040.1
1925,2047,2039.1,2031.2,2023.1,2014.9,2006.5
1930,2013.3,2005.5,1997.6,1989.5,1981.3,1973
1935,1979.8,1972,1964.1,1956,1947.9,1939.6
1940,1946.3,1938.6,1930.7,1922.6,1914.5,1906.2
1945,1912.9,1905.2,1897.3,1889.3,1881.2,1872.9
1950,1879.6,1871.9,1864.1,1856.1,1848,1839.7
1955,1846.4,1838.7,1830.9,1822.9,1814.8,1806.6
1960,1813.3,1805.6,1797.8,1789.9,1781.8,1773.6
1965,1780.2,1772.6,1764.8,1756.9,1748.8,1740.6
1970,1747.3,1739.6,1731.9,1724,1715.9,1707.7
1975,1714.4,1706.8,1699,1691.1,1683.1,1675
1980,1681.6,1674,1666.3,1658.4,1650.4,1642.3
1985,1648.9,1641.3,1633.6,1625.8,1617.8,1609.7
1990,1616.3,1608.7,1601,1593.2,1585.2,1577.1
1995,1583.7,1576.2,1568.5,1560.7,1552.8,1544.7
2000,1551.3,1543.7,1536.1,1528.3,1520.4,1512.3
2005,1518.9,1511.4,1503.7,1496,1488.1,1480
2010,1486.6,1479.1,1471.5,1463.7,1455.9,1447.8
2015,1454.4,1446.9,1439.3,1431.6,1423.7,1415.7
2020,1422.2,1414.8,1407.2,1399.5,1391.7,1383.7
2025,1390.2,1382.8,1375.2,1367.5,1359.7,1351.8
2030,1358.2,1350.8,1343.3,1335.6,1327.8,1319.9
2035,1326.4,1319,1311.5,1303.8,1296,1288.1
2040,1294.6,1287.2,1279.7,1272.1,1264.3,1256.4
2045,1262.9,1255.5,1248,1240.4,1232.7,1224.8
2050,1231.2,1223.9,1216.5,1208.9,1201.1,1193.3
2051,1224.9,1217.6,1210.1,1202.6,1194.8,1187
2052,1218.6,1211.3,1203.8,1196.3,1188.5,1180.7
2053,1212.3,1205,1197.5,1190,1182.3,1174.4
2054,1206,1198.7,1191.2,1183.7,1176,1168.1
2055,1199.7,1192.4,1184.9,1177.4,1169.7,1161.8
2056,1193.4,1186.1,1178.7,1171.1,1163.4,1155.6
2057,1187.1,1179.8,1172.4,1164.8,1157.1,1149.3
2058,1180.8,1173.5,1166.1,1158.5,1150.8,1143
2059,1174.5,1167.2,1159.8,1152.3,1144.6,1136.7
2060,1168.2,1160.9,1153.5,1146,1138.3,1130.5
2061,1161.9,1154.7,1147.3,1139.7,1132,1124.2
2062,1155.7,1148.4,1141,1133.4,1125.8,1118
2063,1149.4,1142.1,1134.7,1127.2,1119.5,1111.7
2064,1143.1,1135.9,1128.5,1120.9,1113.3,1105.5
2065,1136.8,1129.6,1122.2,1114.7,1107,1099.2
2066,1130.6,1123.3,1115.9,1108.4,1100.8,1093
2067,1124.3,1117.1,1109.7,1102.2,1094.5,1086.7
2068,1118.1,1110.8,1103.4,1095.9,1088.3,1080.5
2069,1111.8,1104.6,1097.2,1089.7,1082,1074.2
2070,1105.6,1098.3,1090.9,1083.4,1075.8,1068
2071,1099.3,1092.1,1084.7,1077.2,1069.6,1061.8
2072,1093.1,1085.8,1078.5,1071,1063.3,1055.6
2073,1086.8,1079.6,1072.2,1064.7,1057.1,1049.3
2074,1080.6,1073.4,1066,1058.5,1050.9,1043.1
2075,1074.3,1067.1,1059.8,1052.3,1044.7,1036.9
2076,1068.1,1060.9,1053.6,1046.1,1038.4,1030.7
2077,1061.9,1054.7,1047.3,1039.9,1032.2,1024.5
2078,1055.7,1048.5,1041.1,1033.6,1026,1018.3
2079,1049.4,1042.2,1034.9,1027.4,1019.8,1012.1
2080,1043.2,1036,1028.7,1021.2,1013.6,1005.9
2081,1037,1029.8,1022.5,1015,1007.4,999.7
2082,1030.8,1023.6,1016.3,1008.8,1001.2,993.5
2083,1024.6,1017.4,1010.1,1002.6,995,987.3
2084,1018.4,1011.2,1003.9,996.4,988.8,981.1
2085,1012.2,1005,997.7,990.2,982.7,974.9
2086,1006,998.8,991.5,984.1,976.5,968.8
2087,999.8,992.6,985.3,977.9,970.3,962.6
2088,993.6,986.4,979.1,971.7,964.1,956.4
2089,987.4,980.2,972.9,965.5,957.9,950.2
2090,981.2,974.1,966.8,959.3,951.8,944.1
2091,975,967.9,960.6,953.2,945.6,937.9
2092,968.9,961.7,954.4,947,939.5,931.8
2093,962.7,955.5,948.3,940.8,933.3,925.6
2094,956.5,949.4,942.1,934.7,927.1,919.5
2095,950.3,943.2,935.9,928.5,921,913.3
2096,944.2,937,929.8,922.4,914.8,907.2
2097,938,930.9,923.6,916.2,908.7,901
2098,931.9,924.7,917.5,910.1,902.5,894.9
2099,925.7,918.6,911.3,903.9,896.4,888.8
2100,919.6,912.4,905.2,897.8,890.3,882.6
2101,913.4,906.3,899,891.7,884.1,876.5
2102,907.3,900.2,892.9,885.5,878,870.4
2103,901.1,894,886.8,879.4,871.9,864.2
2104,895,887.9,880.6,873.3,865.8,858.1
2105,888.8,881.7,874.5,867.1,859.6,852
2106,882.7,875.6,868.4,861,853.5,845.9
2107,876.6,869.5,862.3,854.9,847.4,839.8
2108,870.5,863.4,856.2,848.8,841.3,833.7
2109,864.3,857.3,850,842.7,835.2,827.6
2110,858.2,851.1,843.9,836.6,829.1,821.5
2111,852.1,845,837.8,830.5,823,815.4
2112,846,838.9,831.7,824.4,816.9,809.3
2113,839.9,832.8,825.6,818.3,810.8,803.2
2114,833.8,826.7,819.5,812.2,804.7,797.1
2115,827.7,820.6,813.4,806.1,798.6,791
2116,821.6,814.5,807.3,800,792.6,785
2117,815.5,808.4,801.3,793.9,786.5,778.9
2118,809.4,802.4,795.2,787.9,780.4,772.8
2119,803.3,796.3,789.1,781.8,774.3,766.8
2120,797.2,790.2,783,775.7,768.3,760.7
2121,791.1,784.1,776.9,769.6,762.2,754.6
2122,785.1,778,770.9,763.6,756.1,748.6
2123,779,772,764.8,757.5,750.1,742.5
2124,772.9,765.9,758.7,751.5,744,736.5
2125,766.9,759.8,752.7,745.4,738,730.4
2126,760.8,753.8,746.6,739.3,731.9,724.4
2127,754.7,747.7,740.6,733.3,725.9,718.3
2128,748.7,741.7,734.5,727.2,719.8,712.3
2129,742.6,735.6,728.5,721.2,713.8,706.3
2130,736.6,729.6,722.4,715.2,707.8,700.2
2131,730.5,723.5,716.4,709.1,701.7,694.2
2132,724.5,717.5,710.4,703.1,695.7,688.2
2133,718.4,711.4,704.3,697.1,689.7,682.2
2134,712.4,705.4,698.3,691,683.7,676.1
2135,706.4,699.4,692.3,685,677.6,670.1
2136,700.3,693.4,686.2,679,671.6,664.1
2137,694.3,687.3,680.2,673,665.6,658.1
2138,688.3,681.3,674.2,667,659.6,652.1
2139,682.3,675.3,668.2,661,653.6,646.1
2140,676.2,669.3,662.2,655,647.6,640.1
2141,670.2,663.3,656.2,649,641.6,634.1
2142,664.2,657.3,650.2,643,635.6,628.1
2143,658.2,651.3,644.2,637,629.6,622.1
2144,652.2,645.3,638.2,631,623.6,616.1
2145,646.2,639.3,632.2,625,617.6,610.2
2146,640.2,633.3,626.2,619,611.7,604.2
2147,634.2,627.3,620.2,613,605.7,598.2
2148,628.2,621.3,614.2,607,599.7,592.2
2149,622.2,615.3,608.2,601.1,593.7,586.3
2150,616.2,609.3,602.3,595.1,587.8,580.3
2151,610.3,603.3,596.3,589.1,581.8,574.4
2152,604.3,597.4,590.3,583.2,575.8,568.4
2153,598.3,591.4,584.4,577.2,569.9,562.4
2154,592.3,585.4,578.4,571.2,563.9,556.5
2155,586.4,579.5,572.4,565.3,558,550.5
2156,580.4,573.5,566.5,559.3,552,544.6
2157,574.4,567.6,560.5,553.4,546.1,538.7
2158,568.5,561.6,554.6,547.4,540.1,532.7
2159,562.5,555.7,548.6,541.5,534.2,526.8
2160,556.6,549.7,542.7,535.5,528.3,520.9
2161,550.6,543.8,536.8,529.6,522.3,514.9
2162,544.7,537.8,530.8,523.7,516.4,509
2163,538.8,531.9,524.9,517.8,510.5,503.1
2164,532.8,526,519,511.8,504.6,497.2
2165,526.9,520,513,505.9,498.6,491.2
2166,520.9,514.1,507.1,500,492.7,485.3
2167,515,508.2,501.2,494.1,486.8,479.4
2168,509.1,502.3,495.3,488.2,480.9,473.5
2169,503.2,496.3,489.4,482.2,475,467.6
2170,497.3,490.4,483.4,476.3,469.1,461.7
2171,491.3,484.5,477.5,470.4,463.2,455.8
2172,485.4,478.6,471.6,464.5,457.3,449.9
2173,479.5,472.7,465.7,458.6,451.4,444.1
2174,473.6,466.8,459.8,452.8,445.5,438.2
2175,467.7,460.9,454,446.9,439.6,432.3
2176,461.8,455,448.1,441,433.8,426.4
2177,455.9,449.1,442.2,435.1,427.9,420.5
2178,450,443.2,436.3,429.2,422,414.7
2179,444.2,437.3,430.4,423.3,416.1,408.8
2180,438.3,431.5,424.5,417.5,410.3,402.9
2181,432.4,425.6,418.7,411.6,404.4,397.1
2182,426.5,419.7,412.8,405.7,398.5,391.2
2183,420.6,413.8,406.9,399.9,392.7,385.4
2184,414.8,408,401.1,394,386.8,379.5
2185,408.9,402.1,395.2,388.2,381,373.7
2186,403,396.3,389.4,382.3,375.1,367.8
2187,397.2,390.4,383.5,376.5,369.3,362
2188,391.3,384.5,377.6,370.6,363.4,356.1
2189,385.5,378.7,371.8,364.8,357.6,350.3
2190,379.6,372.9,366,358.9,351.8,344.5
2191,373.8,367,360.1,353.1,345.9,338.7
2192,367.9,361.2,354.3,347.3,340.1,332.8
2193,362.1,355.3,348.5,341.4,334.3,327
2194,356.2,349.5,342.6,335.6,328.5,321.2
2195,350.4,343.7,336.8,329.8,322.7,315.4
2196,344.6,337.8,331,324,316.8,309.6
2197,338.8,332,325.2,318.2,311,303.8
2198,332.9,326.2,319.3,312.3,305.2,298
2199,327.1,320.4,313.5,306.5,299.4,292.2
2200,321.3,314.6,307.7,300.7,293.6,286.4
2201,315.5,308.8,301.9,294.9,287.8,280.6
2202,309.7,303,296.1,289.1,282,274.8
2203,303.9,297.2,290.3,283.3,276.2,269
2204,298.1,291.4,284.5,277.5,270.4,263.2
2205,292.3,285.6,278.7,271.8,264.7,257.4
2206,286.5,279.8,272.9,266,258.9,251.7
2207,280.7,274,267.1,260.2,253.1,245.9
2208,274.9,268.2,261.4,254.4,247.3,240.1
2209,269.1,262.4,255.6,248.6,241.6,234.3
2210,263.3,256.6,249.8,242.9,235.8,228.6
2211,257.5,250.8,244,237.1,230,222.8
2212,251.7,245.1,238.3,231.3,224.3,217.1
2213,246,239.3,232.5,225.6,218.5,211.3
2214,240.2,233.5,226.7,219.8,212.8,205.6
2215,234.4,227.8,221,214.1,207,199.8
2216,228.7,222,215.2,208.3,201.3,194.1
2217,222.9,216.3,209.5,202.6,195.5,188.3
2218,217.2,210.5,203.7,196.8,189.8,182.6
2219,211.4,204.8,198,191.1,184,176.9
2220,205.6,199,192.2,185.3,178.3,171.1
2221,199.9,193.3,186.5,179.6,172.6,165.4
2222,194.2,187.5,180.8,173.9,166.8,159.7
2223,188.4,181.8,175,168.1,161.1,154
2224,182.7,176.1,169.3,162.4,155.4,148.2
2225,176.9,170.3,163.6,156.7,149.7,142.5
2226,171.2,164.6,157.9,151,144,136.9
2227,165.5,158.9,152.1,145.3,138.2,131.4
2228,159.8,153.2,146.4,139.5,132.5,126
2229,154,147.4,140.7,133.8,126.8,120.8
2230,148.3,141.7,135,128.1,121.1,115.6
2231,142.6,136,129.3,122.4,115.4,110.5
2232,136.9,130.3,123.6,116.7,109.7,105.9
2233,131.2,124.6,117.9,111,104.1,101.7
2234,125.5,118.9,112.2,105.3,98.6,97.6
2235,119.8,113.2,106.5,99.7,93.2,93.5
2236,114.1,107.5,100.8,94,88,89.4
2237,108.4,101.8,95.1,88.3,83,85.3
2238,102.7,96.1,89.4,82.6,78.4,81.2
2239,97,90.5,83.8,76.9,74.3,77.1
2240,91.3,84.8,78.1,71.3,70.2,73
2241,85.7,79.1,72.4,65.7,66.1,69
2242,80,73.4,66.8,60.4,62,64.9
2243,74.3,67.8,61.1,55.3,57.9,60.8
2244,68.6,62.1,55.4,50.9,53.9,56.7
2245,63,56.4,49.8,46.8,49.8,52.6
2246,57.3,50.8,44.1,42.8,45.7,48.5
2247,51.7,45.1,38.5,38.7,41.6,44.5
2248,46,39.5,32.9,34.6,37.6,40.4
2249,40.3,33.8,27.7,30.6,33.5,36.3
2250,34.9,28.2,23.4,26.5,29.4,32.2
2251,30,22.5,19.4,22.4,25.4,28.2
2252,25.2,16.9,15.3,18.4,21.3,24.1
2253,20.3,11.3,11.3,14.3,17.2,20
2254,15.5,5.6,7.2,10.3,13.4,17.5
2255,10.7,0.3,4.2,8.3,12.5,16.6
2256,55.1,53.4,51.7,51.7,53.5,
2257,51.4,49.7,48.1,48.6,50.7,
2258,47.7,46,44.6,45.5,47.9,
2259,44,42.3,41.1,42.5,45.1,
2260,40.3,38.7,37.8,39.5,42.4,
2261,36.6,35,34.5,36.7,39.7,
2262,32.9,31.3,31.4,33.9,37.2,
2263,29.3,27.6,28.4,31.2,34.7,
2264,25.6,24,25.4,28.6,32.3,
2265,21.9,20.6,22.6,26.1,30,
2266,18.3,17.3,20,23.7,27.7,
2267,14.6,14.2,17.5,21.4,25.6,
2268,10.9,11.3,15.1,19.2,23.4,
2269,7.3,8.8,12.9,17.1,21.4,
2270,3.6,6.5,10.8,15.1,19.5,
2271,0.2,4.5,8.9,13.3,17.7,
