Ullage  (cm.),Tank,-1,0,1,2,3,4
0,3S,15208.3,15208.3,15208.3,15208.3,15208.3,15208.3
1,3S,15208.3,15208.3,15208.3,15208.3,15208.3,15208.3
2,3S,15208.3,15208.3,15208.3,15208.3,15208.3,15208.3
3,3S,15208.3,15208.3,15208.3,15208.3,15208.3,15208.3
4,3S,15208.3,15208.3,15208.3,15208.3,15208.3,15208.3
5,3S,15208.3,15208.3,15208.3,15208.3,15208.3,15208.3
6,3S,15208.3,15208.3,15208.3,15208.3,15208.3,15208.3
7,3S,15208.3,15208.3,15208.3,15208.3,15208.3,15208.3
8,3S,15208.3,15208.3,15208.3,15208.3,15208.3,15208.3
9,3S,15208.3,15208.3,15208.3,15208.3,15208.3,15208.3
10,3S,15208.3,15208.3,15208.3,15208.3,15208.3,15208.3
11,3S,15208.3,15208.3,15208.3,15208.3,15208.3,15208.3
12,3S,15208.3,15208.3,15208.3,15208.3,15208.3,15208.3
13,3S,15208.3,15208.3,15208.3,15208.3,15208.3,15208.3
14,3S,15208.3,15208.3,15208.3,15208.3,15208.3,15208.2
15,3S,15208.3,15208.3,15208.3,15208.3,15208.3,15208.2
16,3S,15208.3,15208.3,15208.3,15208.3,15208.3,15208.1
17,3S,15208.3,15208.3,15208.3,15208.3,15208.3,15208
18,3S,15208.3,15208.3,15208.3,15208.3,15208.3,15207.9
19,3S,15208.3,15208.3,15208.3,15208.3,15208.2,15207.8
20,3S,15208.3,15208.3,15208.3,15208.3,15208.2,15207.7
21,3S,15208.3,15208.3,15208.3,15208.3,15208.1,15207.6
22,3S,15208.3,15208.3,15208.3,15208.3,15208,15207.4
23,3S,15208.3,15208.3,15208.3,15208.3,15207.9,15207.2
24,3S,15208.3,15208.3,15208.3,15208.2,15207.8,15207
25,3S,15208.3,15208.3,15208.3,15208.2,15207.7,15206.8
26,3S,15208.3,15208.3,15208.3,15208.1,15207.5,15206.5
27,3S,15208.3,15208.3,15208.3,15208,15207.3,15206.2
28,3S,15208.3,15208.3,15208.3,15207.9,15207.1,15205.9
29,3S,15208.2,15208.3,15208.2,15207.8,15206.9,15205.5
30,3S,15208.1,15208.3,15208.2,15207.6,15206.6,15205.2
31,3S,15208,15208.3,15208.1,15207.4,15206.3,15204.7
32,3S,15207.8,15208.3,15207.9,15207.1,15205.9,15204.3
33,3S,15207.6,15208.1,15207.8,15206.9,15205.5,15203.8
34,3S,15207.4,15207.9,15207.5,15206.5,15205.1,15203.3
35,3S,15207.1,15207.6,15207.2,15206.2,15204.7,15202.7
36,3S,15206.7,15207.3,15206.9,15205.8,15204.2,15202.1
37,3S,15206.2,15206.9,15206.5,15205.3,15203.6,15201.4
38,3S,15205.7,15206.4,15206,15204.8,15203,15200.7
39,3S,15205.1,15205.8,15205.5,15204.2,15202.3,15200
40,3S,15204.5,15205.2,15204.9,15203.6,15201.6,15199.2
41,3S,15203.7,15204.4,15204.2,15202.9,15200.9,15198.4
42,3S,15202.9,15203.7,15203.4,15202.1,15200.1,15197.5
43,3S,15202.1,15202.8,15202.6,15201.3,15199.2,15196.6
44,3S,15201.1,15201.9,15201.6,15200.4,15198.3,15195.6
45,3S,15200.1,15200.9,15200.7,15199.5,15197.3,15194.5
46,3S,15199,15199.8,15199.6,15198.4,15196.3,15193.4
47,3S,15197.8,15198.6,15198.5,15197.3,15195.2,15192.3
48,3S,15196.6,15197.4,15197.3,15196.1,15194,15191.1
49,3S,15195.2,15196.1,15196,15194.9,15192.8,15189.8
50,3S,15193.8,15194.7,15194.6,15193.5,15191.4,15188.4
51,3S,15192.4,15193.3,15193.2,15192.1,15190.1,15187
52,3S,15190.8,15191.8,15191.7,15190.6,15188.6,15185.6
53,3S,15189.2,15190.2,15190.1,15189.1,15187.1,15184.1
54,3S,15187.6,15188.5,15188.5,15187.5,15185.5,15182.5
55,3S,15185.8,15186.8,15186.8,15185.8,15183.8,15180.8
56,3S,15184,15185,15185,15184,15182,15179.1
57,3S,15182.1,15183.1,15183.1,15182.2,15180.2,15177.3
58,3S,15180.1,15181.1,15181.2,15180.3,15178.3,15175.4
59,3S,15178,15179.1,15179.2,15178.3,15176.4,15173.5
60,3S,15175.9,15177,15177.1,15176.2,15174.3,15171.4
61,3S,15173.7,15174.8,15174.9,15174.1,15172.2,15169.3
62,3S,15171.5,15172.6,15172.7,15171.9,15170,15167.2
63,3S,15169.1,15170.3,15170.4,15169.6,15167.8,15164.9
64,3S,15166.7,15167.9,15168.1,15167.2,15165.4,15162.6
65,3S,15164.2,15165.4,15165.6,15164.8,15163,15160.2
66,3S,15161.7,15162.9,15163.1,15162.3,15160.5,15157.8
67,3S,15159,15160.3,15160.5,15159.7,15158,15155.2
68,3S,15156.3,15157.6,15157.8,15157.1,15155.4,15152.6
69,3S,15153.5,15154.8,15155.1,15154.4,15152.7,15150
70,3S,15150.7,15152,15152.3,15151.6,15149.9,15147.2
71,3S,15147.8,15149.1,15149.4,15148.7,15147.1,15144.4
72,3S,15144.8,15146.1,15146.4,15145.8,15144.1,15141.5
73,3S,15141.7,15143.1,15143.4,15142.8,15141.1,15138.5
74,3S,15138.6,15139.9,15140.3,15139.7,15138.1,15135.5
75,3S,15135.4,15136.7,15137.1,15136.5,15134.9,15132.4
76,3S,15132.1,15133.5,15133.9,15133.3,15131.7,15129.2
77,3S,15128.7,15130.1,15130.6,15130,15128.5,15125.9
78,3S,15125.3,15126.7,15127.2,15126.6,15125.1,15122.6
79,3S,15121.8,15123.2,15123.7,15123.2,15121.7,15119.2
80,3S,15118.2,15119.7,15120.2,15119.7,15118.2,15115.7
81,3S,15114.5,15116,15116.6,15116.1,15114.6,15112.1
82,3S,15110.8,15112.3,15112.9,15112.4,15111,15108.5
83,3S,15107,15108.6,15109.1,15108.7,15107.2,15104.8
84,3S,15103.1,15104.7,15105.3,15104.9,15103.5,15101
85,3S,15099.2,15100.8,15101.4,15101,15099.6,15097.2
86,3S,15095.2,15096.8,15097.4,15097,15095.6,15093.3
87,3S,15091.1,15092.7,15093.4,15093,15091.6,15089.3
88,3S,15086.9,15088.6,15089.2,15088.9,15087.6,15085.2
89,3S,15082.7,15084.4,15085,15084.7,15083.4,15081.1
90,3S,15078.4,15080.1,15080.8,15080.5,15079.2,15076.9
91,3S,15074,15075.7,15076.4,15076.1,15074.9,15072.6
92,3S,15069.5,15071.3,15072,15071.7,15070.5,15068.2
93,3S,15065,15066.8,15067.5,15067.3,15066,15063.8
94,3S,15060.4,15062.2,15063,15062.7,15061.5,15059.3
95,3S,15055.7,15057.5,15058.3,15058.1,15056.9,15054.7
96,3S,15051,15052.8,15053.6,15053.4,15052.3,15050.1
97,3S,15046.2,15048,15048.8,15048.7,15047.5,15045.4
98,3S,15041.3,15043.1,15044,15043.8,15042.7,15040.6
99,3S,15036.3,15038.2,15039.1,15038.9,15037.8,15035.7
100,3S,15031.3,15033.2,15034.1,15034,15032.9,15030.8
101,3S,15026.2,15028.1,15029,15028.9,15027.8,15025.8
102,3S,15021,15022.9,15023.8,15023.8,15022.7,15020.7
103,3S,15015.7,15017.7,15018.6,15018.6,15017.6,15015.5
104,3S,15010.4,15012.4,15013.3,15013.3,15012.3,15010.3
105,3S,15005,15007,15008,15008,15007,15005
106,3S,14999.5,15001.5,15002.5,15002.6,15001.6,14999.6
107,3S,14994,14996,14997,14997.1,14996.1,14994.2
108,3S,14988.3,14990.4,14991.4,14991.5,14990.6,14988.6
109,3S,14982.6,14984.7,14985.8,14985.9,14985,14983.1
110,3S,14976.9,14979,14980.1,14980.2,14979.3,14977.4
111,3S,14971,14973.1,14974.3,14974.4,14973.5,14971.7
112,3S,14965.1,14967.3,14968.4,14968.5,14967.7,14965.9
113,3S,14959.1,14961.3,14962.4,14962.6,14961.8,14960.1
114,3S,14953.1,14955.2,14956.4,14956.6,14955.8,14954.2
115,3S,14946.9,14949.1,14950.3,14950.5,14949.8,14948.2
116,3S,14940.7,14943,14944.2,14944.4,14943.7,14942.2
117,3S,14934.5,14936.7,14937.9,14938.2,14937.5,14936.1
118,3S,14928.1,14930.4,14931.6,14931.9,14931.3,14930
119,3S,14921.7,14924,14925.2,14925.5,14925,14923.8
120,3S,14915.2,14917.5,14918.8,14919.1,14918.7,14917.6
121,3S,14908.6,14910.9,14912.2,14912.6,14912.3,14911.3
122,3S,14902,14904.3,14905.6,14906.1,14905.8,14905
123,3S,14895.2,14897.6,14899,14899.5,14899.3,14898.6
124,3S,14888.5,14890.8,14892.2,14892.8,14892.8,14892.2
125,3S,14881.6,14884,14885.4,14886.1,14886.2,14885.7
126,3S,14874.7,14877.1,14878.5,14879.3,14879.6,14879.2
127,3S,14867.8,14870.1,14871.6,14872.5,14872.9,14872.6
128,3S,14860.8,14863,14864.6,14865.7,14866.2,14866.1
129,3S,14853.8,14855.9,14857.6,14858.8,14859.4,14859.4
130,3S,14846.7,14848.8,14850.6,14851.9,14852.6,14852.8
131,3S,14839.6,14841.6,14843.5,14844.9,14845.8,14846
132,3S,14832.5,14834.5,14836.4,14837.9,14838.9,14839.3
133,3S,14825.4,14827.3,14829.3,14830.9,14832,14832.5
134,3S,14818.2,14820.2,14822.2,14823.9,14825.1,14825.7
135,3S,14811.1,14813.1,14815,14816.8,14818.1,14818.9
136,3S,14803.9,14805.9,14807.9,14809.7,14811.1,14812
137,3S,14796.8,14798.8,14800.7,14802.6,14804.1,14805.1
138,3S,14789.7,14791.6,14793.6,14795.5,14797.1,14798.2
139,3S,14782.5,14784.5,14786.5,14788.4,14790.1,14791.3
140,3S,14775.4,14777.4,14779.3,14781.3,14783,14784.3
141,3S,14768.2,14770.2,14772.2,14774.1,14775.9,14777.3
142,3S,14761.1,14763.1,14765,14767,14768.8,14770.3
143,3S,14754,14755.9,14757.9,14759.8,14761.7,14763.3
144,3S,14746.8,14748.8,14750.8,14752.7,14754.6,14756.2
145,3S,14739.7,14741.6,14743.6,14745.6,14747.5,14749.2
146,3S,14732.5,14734.5,14736.5,14738.4,14740.3,14742.1
147,3S,14725.4,14727.4,14729.3,14731.3,14733.2,14735
148,3S,14718.2,14720.2,14722.2,14724.1,14726.1,14727.9
149,3S,14711.1,14713.1,14715,14717,14718.9,14720.8
150,3S,14704,14705.9,14707.9,14709.9,14711.8,14713.7
151,3S,14696.8,14698.8,14700.8,14702.7,14704.6,14706.5
152,3S,14689.7,14691.7,14693.6,14695.6,14697.5,14699.4
153,3S,14682.5,14684.5,14686.5,14688.4,14690.4,14692.3
154,3S,14675.4,14677.4,14679.3,14681.3,14683.2,14685.1
155,3S,14668.3,14670.2,14672.2,14674.2,14676.1,14678
156,3S,14661.1,14663.1,14665.1,14667,14668.9,14670.9
157,3S,14654,14656,14657.9,14659.9,14661.8,14663.7
158,3S,14646.8,14648.8,14650.8,14652.7,14654.7,14656.6
159,3S,14639.7,14641.7,14643.6,14645.6,14647.5,14649.4
160,3S,14632.5,14634.5,14636.5,14638.4,14640.4,14642.3
161,3S,14625.4,14627.4,14629.4,14631.3,14633.2,14635.1
162,3S,14618.3,14620.2,14622.2,14624.2,14626.1,14628
163,3S,14611.1,14613.1,14615.1,14617,14619,14620.9
164,3S,14604,14606,14607.9,14609.9,14611.8,14613.7
165,3S,14596.8,14598.8,14600.8,14602.7,14604.7,14606.6
166,3S,14589.7,14591.7,14593.6,14595.6,14597.5,14599.4
167,3S,14582.6,14584.5,14586.5,14588.5,14590.4,14592.3
168,3S,14575.4,14577.4,14579.4,14581.3,14583.2,14585.2
169,3S,14568.3,14570.3,14572.2,14574.2,14576.1,14578
170,3S,14561.1,14563.1,14565.1,14567,14569,14570.9
171,3S,14554,14556,14557.9,14559.9,14561.8,14563.7
172,3S,14546.9,14548.8,14550.8,14552.7,14554.7,14556.6
173,3S,14539.7,14541.7,14543.7,14545.6,14547.5,14549.4
174,3S,14532.6,14534.6,14536.5,14538.5,14540.4,14542.3
175,3S,14525.4,14527.4,14529.4,14531.3,14533.3,14535.2
176,3S,14518.3,14520.3,14522.2,14524.2,14526.1,14528
177,3S,14511.2,14513.1,14515.1,14517,14519,14520.9
178,3S,14504,14506,14508,14509.9,14511.8,14513.7
179,3S,14496.9,14498.9,14500.8,14502.8,14504.7,14506.6
180,3S,14489.7,14491.7,14493.7,14495.6,14497.5,14499.5
181,3S,14482.6,14484.6,14486.5,14488.5,14490.4,14492.3
182,3S,14475.4,14477.4,14479.4,14481.3,14483.3,14485.2
183,3S,14468.3,14470.3,14472.3,14474.2,14476.1,14478
184,3S,14461.2,14463.1,14465.1,14467.1,14469,14470.9
185,3S,14454,14456,14458,14459.9,14461.8,14463.7
186,3S,14446.9,14448.9,14450.8,14452.8,14454.7,14456.6
187,3S,14439.7,14441.7,14443.7,14445.6,14447.6,14449.5
188,3S,14432.6,14434.6,14436.5,14438.5,14440.4,14442.3
189,3S,14425.5,14427.4,14429.4,14431.3,14433.3,14435.2
190,3S,14418.3,14420.3,14422.3,14424.2,14426.1,14428
191,3S,14411.2,14413.2,14415.1,14417.1,14419,14420.9
192,3S,14404,14406,14408,14409.9,14411.8,14413.7
193,3S,14396.9,14398.9,14400.8,14402.8,14404.7,14406.6
194,3S,14389.8,14391.7,14393.7,14395.6,14397.6,14399.5
195,3S,14382.6,14384.6,14386.6,14388.5,14390.4,14392.3
196,3S,14375.5,14377.5,14379.4,14381.4,14383.3,14385.2
197,3S,14368.3,14370.3,14372.3,14374.2,14376.1,14378
198,3S,14361.2,14363.2,14365.1,14367.1,14369,14370.9
199,3S,14354,14356,14358,14359.9,14361.9,14363.8
200,3S,14346.9,14348.9,14350.8,14352.8,14354.7,14356.6
201,3S,14339.8,14341.7,14343.7,14345.7,14347.6,14349.5
202,3S,14332.6,14334.6,14336.6,14338.5,14340.4,14342.3
203,3S,14325.5,14327.5,14329.4,14331.4,14333.3,14335.2
204,3S,14318.3,14320.3,14322.3,14324.2,14326.1,14328
205,3S,14311.2,14313.2,14315.1,14317.1,14319,14320.9
206,3S,14304.1,14306,14308,14309.9,14311.9,14313.8
207,3S,14296.9,14298.9,14300.9,14302.8,14304.7,14306.6
208,3S,14289.8,14291.8,14293.7,14295.7,14297.6,14299.5
209,3S,14282.6,14284.6,14286.6,14288.5,14290.4,14292.3
210,3S,14275.5,14277.5,14279.4,14281.4,14283.3,14285.2
211,3S,14268.4,14270.3,14272.3,14274.2,14276.2,14278.1
212,3S,14261.2,14263.2,14265.2,14267.1,14269,14270.9
213,3S,14254.1,14256.1,14258,14260,14261.9,14263.8
214,3S,14246.9,14248.9,14250.9,14252.8,14254.7,14256.6
215,3S,14239.8,14241.8,14243.7,14245.7,14247.6,14249.5
216,3S,14232.6,14234.6,14236.6,14238.5,14240.4,14242.3
217,3S,14225.5,14227.5,14229.5,14231.4,14233.3,14235.2
218,3S,14218.4,14220.3,14222.3,14224.2,14226.2,14228.1
219,3S,14211.2,14213.2,14215.2,14217.1,14219,14220.9
220,3S,14204.1,14206.1,14208,14210,14211.9,14213.8
221,3S,14196.9,14198.9,14200.9,14202.8,14204.7,14206.6
222,3S,14189.8,14191.8,14193.7,14195.7,14197.6,14199.5
223,3S,14182.7,14184.6,14186.6,14188.5,14190.5,14192.3
224,3S,14175.5,14177.5,14179.5,14181.4,14183.3,14185.2
225,3S,14168.4,14170.4,14172.3,14174.3,14176.2,14178.1
226,3S,14161.2,14163.2,14165.2,14167.1,14169,14170.9
227,3S,14154.1,14156.1,14158,14160,14161.9,14163.8
228,3S,14147,14148.9,14150.9,14152.8,14154.7,14156.6
229,3S,14139.8,14141.8,14143.8,14145.7,14147.6,14149.5
230,3S,14132.7,14134.7,14136.6,14138.6,14140.5,14142.4
231,3S,14125.5,14127.5,14129.5,14131.4,14133.3,14135.2
232,3S,14118.4,14120.4,14122.3,14124.3,14126.2,14128.1
233,3S,14111.2,14113.2,14115.2,14117.1,14119,14120.9
234,3S,14104.1,14106.1,14108.1,14110,14111.9,14113.8
235,3S,14097,14099,14100.9,14102.8,14104.8,14106.6
236,3S,14089.8,14091.8,14093.8,14095.7,14097.6,14099.5
237,3S,14082.7,14084.7,14086.6,14088.6,14090.5,14092.4
238,3S,14075.5,14077.5,14079.5,14081.4,14083.3,14085.2
239,3S,14068.4,14070.4,14072.3,14074.3,14076.2,14078.1
240,3S,14061.3,14063.2,14065.2,14067.1,14069.1,14070.9
241,3S,14054.1,14056.1,14058.1,14060,14061.9,14063.8
242,3S,14047,14049,14050.9,14052.9,14054.8,14056.7
243,3S,14039.8,14041.8,14043.8,14045.7,14047.6,14049.5
244,3S,14032.7,14034.7,14036.6,14038.6,14040.5,14042.4
245,3S,14025.6,14027.5,14029.5,14031.4,14033.3,14035.2
246,3S,14018.4,14020.4,14022.4,14024.3,14026.2,14028.1
247,3S,14011.3,14013.3,14015.2,14017.2,14019.1,14020.9
248,3S,14004.1,14006.1,14008.1,14010,14011.9,14013.8
249,3S,13997,13999,14000.9,14002.9,14004.8,14006.7
250,3S,13989.9,13991.8,13993.8,13995.7,13997.6,13999.5
251,3S,13982.7,13984.7,13986.7,13988.6,13990.5,13992.4
252,3S,13975.6,13977.6,13979.5,13981.4,13983.4,13985.2
253,3S,13968.4,13970.4,13972.4,13974.3,13976.2,13978.1
254,3S,13961.3,13963.3,13965.2,13967.2,13969.1,13971
255,3S,13954.1,13956.1,13958.1,13960,13961.9,13963.8
256,3S,13947,13949,13950.9,13952.9,13954.8,13956.7
257,3S,13939.9,13941.8,13943.8,13945.7,13947.6,13949.5
258,3S,13932.7,13934.7,13936.7,13938.6,13940.5,13942.4
259,3S,13925.6,13927.6,13929.5,13931.5,13933.4,13935.2
260,3S,13918.4,13920.4,13922.4,13924.3,13926.2,13928.1
261,3S,13911.3,13913.3,13915.2,13917.2,13919.1,13921
262,3S,13904.2,13906.1,13908.1,13910,13911.9,13913.8
263,3S,13897,13899,13901,13902.9,13904.8,13906.7
264,3S,13889.9,13891.9,13893.8,13895.8,13897.7,13899.5
265,3S,13882.7,13884.7,13886.7,13888.6,13890.5,13892.4
266,3S,13875.6,13877.6,13879.5,13881.5,13883.4,13885.2
267,3S,13868.5,13870.4,13872.4,13874.3,13876.2,13878.1
268,3S,13861.3,13863.3,13865.3,13867.2,13869.1,13871
269,3S,13854.2,13856.2,13858.1,13860,13861.9,13863.8
270,3S,13847,13849,13851,13852.9,13854.8,13856.7
275,3S,13811.3,13813.3,13815.3,13817.2,13819.1,13821
280,3S,13775.6,13777.6,13779.6,13781.5,13783.4,13785.3
285,3S,13739.9,13741.9,13743.9,13745.8,13747.7,13749.5
290,3S,13704.2,13706.2,13708.1,13710.1,13712,13713.8
295,3S,13668.5,13670.5,13672.4,13674.4,13676.3,13678.1
300,3S,13632.8,13634.8,13636.7,13638.7,13640.6,13642.4
305,3S,13597.1,13599.1,13601,13603,13604.8,13606.7
310,3S,13561.4,13563.4,13565.3,13567.2,13569.1,13571
315,3S,13525.7,13527.7,13529.6,13531.5,13533.4,13535.3
320,3S,13490,13492,13493.9,13495.8,13497.7,13499.6
325,3S,13454.3,13456.3,13458.2,13460.1,13462,13463.9
330,3S,13418.6,13420.5,13422.5,13424.4,13426.3,13428.2
335,3S,13382.9,13384.8,13386.8,13388.7,13390.6,13392.5
340,3S,13347.1,13349.1,13351.1,13353,13354.9,13356.7
345,3S,13311.4,13313.4,13315.4,13317.3,13319.2,13321
350,3S,13275.7,13277.7,13279.7,13281.6,13283.5,13285.3
355,3S,13240,13242,13244,13245.9,13247.8,13249.6
360,3S,13204.3,13206.3,13208.3,13210.2,13212.1,13213.9
365,3S,13168.6,13170.6,13172.6,13174.5,13176.4,13178.2
370,3S,13132.9,13134.9,13136.9,13138.8,13140.7,13142.5
375,3S,13097.2,13099.2,13101.2,13103.1,13104.9,13106.8
380,3S,13061.5,13063.5,13065.4,13067.4,13069.2,13071.1
385,3S,13025.8,13027.8,13029.7,13031.7,13033.5,13035.4
390,3S,12990.1,12992.1,12994,12995.9,12997.8,12999.6
395,3S,12954.4,12956.4,12958.3,12960.2,12962.1,12963.9
400,3S,12918.7,12920.7,12922.6,12924.5,12926.4,12928.2
405,3S,12883,12885,12886.9,12888.8,12890.7,12892.5
410,3S,12847.3,12849.3,12851.2,12853.1,12855,12856.8
415,3S,12811.6,12813.6,12815.5,12817.4,12819.3,12821.1
420,3S,12775.9,12777.9,12779.8,12781.7,12783.6,12785.4
425,3S,12740.2,12742.1,12744.1,12746,12747.9,12749.7
430,3S,12704.4,12706.4,12708.4,12710.3,12712.2,12714
435,3S,12668.7,12670.7,12672.7,12674.6,12676.5,12678.3
440,3S,12633,12635,12637,12638.9,12640.7,12642.6
445,3S,12597.3,12599.3,12601.3,12603.2,12605,12606.8
450,3S,12561.6,12563.6,12565.6,12567.5,12569.3,12571.1
455,3S,12525.9,12527.9,12529.9,12531.8,12533.6,12535.4
460,3S,12490.2,12492.2,12494.2,12496.1,12497.9,12499.7
465,3S,12454.5,12456.5,12458.5,12460.4,12462.2,12464
470,3S,12418.8,12420.8,12422.7,12424.6,12426.5,12428.3
475,3S,12383.1,12385.1,12387,12388.9,12390.8,12392.6
480,3S,12347.4,12349.4,12351.3,12353.2,12355.1,12356.9
485,3S,12311.7,12313.7,12315.6,12317.5,12319.4,12321.2
490,3S,12276,12278,12279.9,12281.8,12283.7,12285.5
495,3S,12240.3,12242.3,12244.2,12246.1,12248,12249.8
500,3S,12204.6,12206.6,12208.5,12210.4,12212.3,12214
505,3S,12168.9,12170.9,12172.8,12174.7,12176.5,12178.3
510,3S,12133.2,12135.2,12137.1,12139,12140.8,12142.6
515,3S,12097.5,12099.4,12101.4,12103.3,12105.1,12106.9
520,3S,12061.7,12063.7,12065.7,12067.6,12069.4,12071.2
525,3S,12026,12028,12030,12031.9,12033.7,12035.5
530,3S,11990.3,11992.3,11994.3,11996.2,11998,11999.8
535,3S,11954.6,11956.6,11958.6,11960.5,11962.3,11964.1
540,3S,11918.9,11920.9,11922.9,11924.8,11926.6,11928.4
545,3S,11883.2,11885.2,11887.2,11889,11890.9,11892.7
550,3S,11847.5,11849.5,11851.5,11853.3,11855.2,11856.9
555,3S,11811.8,11813.8,11815.7,11817.6,11819.5,11821.2
560,3S,11776.1,11778.1,11780,11781.9,11783.8,11785.5
565,3S,11740.4,11742.4,11744.3,11746.2,11748.1,11749.8
570,3S,11704.7,11706.7,11708.6,11710.5,11712.3,11714.1
575,3S,11669,11671,11672.9,11674.8,11676.6,11678.4
580,3S,11633.3,11635.3,11637.2,11639.1,11640.9,11642.7
585,3S,11597.6,11599.6,11601.5,11603.4,11605.2,11607
590,3S,11561.9,11563.9,11565.8,11567.7,11569.5,11571.3
595,3S,11526.2,11528.2,11530.1,11532,11533.8,11535.6
600,3S,11490.5,11492.5,11494.4,11496.3,11498.1,11499.9
605,3S,11454.7,11456.8,11458.7,11460.6,11462.4,11464.1
610,3S,11419,11421,11423,11424.9,11426.7,11428.4
615,3S,11383.3,11385.3,11387.3,11389.2,11391,11392.7
620,3S,11347.6,11349.6,11351.6,11353.5,11355.3,11357
625,3S,11311.9,11313.9,11315.9,11317.7,11319.6,11321.3
630,3S,11276.2,11278.2,11280.2,11282,11283.8,11285.6
635,3S,11240.5,11242.5,11244.5,11246.3,11248.1,11249.9
640,3S,11204.8,11206.8,11208.8,11210.6,11212.4,11214.2
645,3S,11169.1,11171.1,11173,11174.9,11176.7,11178.5
650,3S,11133.4,11135.4,11137.3,11139.2,11141,11142.8
655,3S,11097.7,11099.7,11101.6,11103.5,11105.3,11107
660,3S,11062,11064,11065.9,11067.8,11069.6,11071.3
665,3S,11026.3,11028.3,11030.2,11032.1,11033.9,11035.6
670,3S,10990.6,10992.6,10994.5,10996.4,10998.2,10999.9
675,3S,10954.9,10956.9,10958.8,10960.7,10962.5,10964.2
680,3S,10919.2,10921.2,10923.1,10925,10926.8,10928.5
685,3S,10883.5,10885.5,10887.4,10889.3,10891.1,10892.8
690,3S,10847.8,10849.8,10851.7,10853.6,10855.4,10857.1
695,3S,10812,10814.1,10816,10817.9,10819.7,10821.4
700,3S,10776.3,10778.3,10780.3,10782.2,10783.9,10785.7
705,3S,10740.6,10742.6,10744.6,10746.4,10748.2,10750
710,3S,10704.9,10706.9,10708.9,10710.7,10712.5,10714.2
715,3S,10669.2,10671.2,10673.2,10675,10676.8,10678.5
720,3S,10633.5,10635.5,10637.5,10639.3,10641.1,10642.8
725,3S,10597.8,10599.8,10601.8,10603.6,10605.4,10607.1
730,3S,10562.1,10564.1,10566.1,10567.9,10569.7,10571.4
735,3S,10526.4,10528.4,10530.3,10532.2,10534,10535.7
740,3S,10490.7,10492.7,10494.6,10496.5,10498.3,10500
745,3S,10455,10457,10458.9,10460.8,10462.6,10464.3
750,3S,10419.3,10421.3,10423.2,10425.1,10426.9,10428.6
755,3S,10383.6,10385.6,10387.5,10389.4,10391.2,10392.9
760,3S,10347.9,10349.9,10351.8,10353.7,10355.5,10357.2
765,3S,10312.2,10314.2,10316.1,10318,10319.7,10321.4
770,3S,10276.5,10278.5,10280.4,10282.3,10284,10285.7
775,3S,10240.8,10242.8,10244.7,10246.6,10248.3,10250
780,3S,10205.1,10207.1,10209,10210.8,10212.6,10214.3
785,3S,10169.3,10171.4,10173.3,10175.1,10176.9,10178.6
790,3S,10133.6,10135.7,10137.6,10139.4,10141.2,10142.9
795,3S,10097.9,10099.9,10101.9,10103.7,10105.5,10107.2
800,3S,10062.2,10064.2,10066.2,10068,10069.8,10071.5
805,3S,10026.5,10028.5,10030.5,10032.3,10034.1,10035.8
810,3S,9990.8,9992.8,9994.8,9996.6,9998.4,10000.1
815,3S,9955.1,9957.1,9959.1,9960.9,9962.7,9964.3
820,3S,9919.4,9921.4,9923.4,9925.2,9927,9928.6
825,3S,9883.7,9885.7,9887.6,9889.5,9891.2,9892.9
830,3S,9848,9850,9851.9,9853.8,9855.5,9857.2
835,3S,9812.3,9814.3,9816.2,9818.1,9819.8,9821.5
840,3S,9776.6,9778.6,9780.5,9782.4,9784.1,9785.8
845,3S,9740.9,9742.9,9744.8,9746.7,9748.4,9750.1
850,3S,9705.2,9707.2,9709.1,9711,9712.7,9714.4
855,3S,9669.5,9671.5,9673.4,9675.3,9677,9678.7
860,3S,9633.8,9635.8,9637.7,9639.5,9641.3,9643
865,3S,9598.1,9600.1,9602,9603.8,9605.6,9607.3
870,3S,9562.3,9564.4,9566.3,9568.1,9569.9,9571.5
875,3S,9526.6,9528.7,9530.6,9532.4,9534.2,9535.8
880,3S,9490.9,9493,9494.9,9496.7,9498.5,9500.1
885,3S,9455.2,9457.3,9459.2,9461,9462.8,9464.4
890,3S,9419.5,9421.5,9423.5,9425.3,9427.1,9428.7
895,3S,9383.8,9385.8,9387.8,9389.6,9391.3,9393
900,3S,9348.1,9350.1,9352.1,9353.9,9355.6,9357.3
905,3S,9312.4,9314.4,9316.4,9318.2,9319.9,9321.6
910,3S,9276.7,9278.7,9280.6,9282.5,9284.2,9285.9
915,3S,9241,9243,9244.9,9246.8,9248.5,9250.2
920,3S,9205.3,9207.3,9209.2,9211.1,9212.8,9214.4
925,3S,9169.6,9171.6,9173.5,9175.4,9177.1,9178.7
930,3S,9133.9,9135.9,9137.8,9139.7,9141.4,9143
935,3S,9098.2,9100.2,9102.1,9103.9,9105.7,9107.3
940,3S,9062.5,9064.5,9066.4,9068.2,9070,9071.6
945,3S,9026.8,9028.8,9030.7,9032.5,9034.3,9035.9
950,3S,8991.1,8993.1,8995,8996.8,8998.6,9000.2
955,3S,8955.4,8957.4,8959.3,8961.1,8962.9,8964.5
960,3S,8919.6,8921.7,8923.6,8925.4,8927.1,8928.8
965,3S,8883.9,8886,8887.9,8889.7,8891.4,8893.1
970,3S,8848.2,8850.3,8852.2,8854,8855.7,8857.4
975,3S,8812.5,8814.6,8816.5,8818.3,8820,8821.6
980,3S,8776.8,8778.8,8780.8,8782.6,8784.3,8785.9
985,3S,8741.1,8743.1,8745.1,8746.9,8748.6,8750.2
990,3S,8705.4,8707.4,8709.4,8711.2,8712.9,8714.5
995,3S,8669.7,8671.7,8673.7,8675.5,8677.2,8678.8
1000,3S,8634,8636,8637.9,8639.8,8641.5,8643.1
1005,3S,8598.3,8600.3,8602.2,8604.1,8605.8,8607.4
1010,3S,8562.6,8564.6,8566.5,8568.4,8570.1,8571.7
1015,3S,8526.9,8528.9,8530.8,8532.6,8534.4,8536
1020,3S,8491.2,8493.2,8495.1,8496.9,8498.7,8500.3
1025,3S,8455.5,8457.5,8459.4,8461.2,8462.9,8464.5
1030,3S,8419.8,8421.8,8423.7,8425.5,8427.2,8428.8
1035,3S,8384.1,8386.1,8388,8389.8,8391.5,8393.1
1040,3S,8348.4,8350.4,8352.3,8354.1,8355.8,8357.4
1045,3S,8312.7,8314.7,8316.6,8318.4,8320.1,8321.7
1050,3S,8276.9,8279,8280.9,8282.7,8284.4,8286
1055,3S,8241.2,8243.3,8245.2,8247,8248.7,8250.3
1060,3S,8205.5,8207.6,8209.5,8211.3,8213,8214.6
1065,3S,8169.8,8171.9,8173.8,8175.6,8177.3,8178.9
1070,3S,8134.1,8136.2,8138.1,8139.9,8141.6,8143.2
1075,3S,8098.4,8100.4,8102.4,8104.2,8105.9,8107.5
1080,3S,8062.7,8064.7,8066.7,8068.5,8070.2,8071.7
1085,3S,8027,8029,8031,8032.8,8034.5,8036
1090,3S,7991.3,7993.3,7995.2,7997.1,7998.7,8000.3
1095,3S,7955.6,7957.6,7959.5,7961.3,7963,7964.6
1100,3S,7919.9,7921.9,7923.8,7925.6,7927.3,7928.9
1105,3S,7884.2,7886.2,7888.1,7889.9,7891.6,7893.2
1110,3S,7848.5,7850.5,7852.4,7854.2,7855.9,7857.5
1115,3S,7812.8,7814.8,7816.7,7818.5,7820.2,7821.8
1120,3S,7777.1,7779.1,7781,7782.8,7784.5,7786.1
1125,3S,7741.4,7743.4,7745.3,7747.1,7748.8,7750.4
1130,3S,7705.7,7707.7,7709.6,7711.4,7713.1,7714.6
1135,3S,7670,7672,7673.9,7675.7,7677.4,7678.9
1140,3S,7634.2,7636.3,7638.2,7640,7641.7,7643.2
1145,3S,7598.5,7600.6,7602.5,7604.3,7606,7607.5
1150,3S,7562.8,7564.9,7566.8,7568.6,7570.3,7571.8
1155,3S,7527.1,7529.2,7531.1,7532.9,7534.5,7536.1
1160,3S,7491.4,7493.5,7495.4,7497.2,7498.8,7500.4
1165,3S,7455.7,7457.8,7459.7,7461.5,7463.1,7464.7
1170,3S,7420,7422,7424,7425.7,7427.4,7429
1175,3S,7384.3,7386.3,7388.3,7390,7391.7,7393.3
1180,3S,7348.6,7350.6,7352.5,7354.3,7356,7357.6
1185,3S,7312.9,7314.9,7316.8,7318.6,7320.3,7321.8
1190,3S,7277.2,7279.2,7281.1,7282.9,7284.6,7286.1
1195,3S,7241.5,7243.5,7245.4,7247.2,7248.9,7250.4
1200,3S,7205.8,7207.8,7209.7,7211.5,7213.2,7214.7
1205,3S,7170.1,7172.1,7174,7175.8,7177.5,7179
1210,3S,7134.4,7136.4,7138.3,7140.1,7141.8,7143.3
1215,3S,7098.7,7100.7,7102.6,7104.4,7106.1,7107.6
1220,3S,7063,7065,7066.9,7068.7,7070.3,7071.9
1225,3S,7027.3,7029.3,7031.2,7033,7034.6,7036.2
1230,3S,6991.5,6993.6,6995.5,6997.3,6998.9,7000.5
1235,3S,6955.8,6957.9,6959.8,6961.6,6963.2,6964.7
1240,3S,6920.1,6922.2,6924.1,6925.9,6927.5,6929
1245,3S,6884.4,6886.5,6888.4,6890.2,6891.8,6893.3
1250,3S,6848.7,6850.8,6852.7,6854.4,6856.1,6857.6
1255,3S,6813,6815.1,6817,6818.7,6820.4,6821.9
1260,3S,6777.3,6779.3,6781.3,6783,6784.7,6786.2
1265,3S,6741.6,6743.6,6745.6,6747.3,6749,6750.5
1270,3S,6705.9,6707.9,6709.8,6711.6,6713.3,6714.8
1275,3S,6670.2,6672.2,6674.1,6675.9,6677.6,6679.1
1280,3S,6634.5,6636.5,6638.4,6640.2,6641.9,6643.4
1285,3S,6598.8,6600.8,6602.7,6604.5,6606.1,6607.7
1290,3S,6563.1,6565.1,6567,6568.8,6570.4,6571.9
1295,3S,6527.4,6529.4,6531.3,6533.1,6534.7,6536.2
1300,3S,6491.7,6493.7,6495.6,6497.4,6499,6500.5
1305,3S,6456,6458,6459.9,6461.7,6463.3,6464.8
1310,3S,6420.3,6422.3,6424.2,6426,6427.6,6429.1
1315,3S,6384.5,6386.6,6388.5,6390.3,6391.9,6393.4
1320,3S,6348.8,6350.9,6352.8,6354.6,6356.2,6357.7
1325,3S,6313.1,6315.2,6317.1,6318.9,6320.5,6322
1330,3S,6277.4,6279.5,6281.4,6283.1,6284.8,6286.3
1335,3S,6241.7,6243.8,6245.7,6247.4,6249.1,6250.6
1340,3S,6206,6208.1,6210,6211.7,6213.4,6214.9
1345,3S,6170.3,6172.4,6174.3,6176,6177.7,6179.1
1350,3S,6134.6,6136.7,6138.6,6140.3,6141.9,6143.4
1355,3S,6098.9,6100.9,6102.8,6104.6,6106.2,6107.7
1360,3S,6063.2,6065.2,6067.1,6068.9,6070.5,6072
1365,3S,6027.5,6029.5,6031.4,6033.2,6034.8,6036.3
1370,3S,5991.8,5993.8,5995.7,5997.5,5999.1,6000.6
1375,3S,5956.1,5958.1,5960,5961.8,5963.4,5964.9
1380,3S,5920.4,5922.4,5924.3,5926.1,5927.7,5929.2
1385,3S,5884.7,5886.7,5888.6,5890.4,5892,5893.5
1390,3S,5849,5851,5852.9,5854.7,5856.3,5857.8
1395,3S,5813.3,5815.3,5817.2,5819,5820.6,5822
1400,3S,5777.6,5779.6,5781.5,5783.3,5784.9,5786.3
1405,3S,5741.8,5743.9,5745.8,5747.5,5749.2,5750.6
1410,3S,5706.1,5708.2,5710.1,5711.8,5713.5,5714.9
1415,3S,5670.4,5672.5,5674.4,5676.1,5677.7,5679.2
1420,3S,5634.7,5636.8,5638.7,5640.4,5642,5643.5
1425,3S,5599,5601.1,5603,5604.7,5606.3,5607.8
1430,3S,5563.3,5565.4,5567.3,5569,5570.6,5572.1
1435,3S,5527.6,5529.7,5531.6,5533.3,5534.9,5536.4
1440,3S,5491.9,5494,5495.9,5497.6,5499.2,5500.7
1445,3S,5456.2,5458.3,5460.1,5461.9,5463.5,5465
1450,3S,5420.5,5422.5,5424.4,5426.2,5427.8,5429.2
1455,3S,5384.8,5386.8,5388.7,5390.5,5392.1,5393.5
1460,3S,5349.1,5351.1,5353,5354.8,5356.4,5357.8
1465,3S,5313.4,5315.4,5317.3,5319.1,5320.7,5322.1
1470,3S,5277.7,5279.7,5281.6,5283.4,5285,5286.4
1475,3S,5242,5244,5245.9,5247.7,5249.3,5250.7
1480,3S,5206.3,5208.3,5210.2,5212,5213.5,5215
1485,3S,5170.6,5172.6,5174.5,5176.2,5177.8,5179.3
1490,3S,5134.9,5136.9,5138.8,5140.5,5142.1,5143.6
1495,3S,5099.1,5101.2,5103.1,5104.8,5106.4,5107.9
1500,3S,5063.4,5065.5,5067.4,5069.1,5070.7,5072.1
1505,3S,5027.7,5029.8,5031.7,5033.4,5035,5036.4
1510,3S,4992,4994.1,4996,4997.7,4999.3,5000.7
1515,3S,4956.3,4958.4,4960.3,4962,4963.6,4965
1520,3S,4920.6,4922.7,4924.6,4926.3,4927.9,4929.3
1525,3S,4884.9,4887,4888.9,4890.6,4892.2,4893.6
1530,3S,4849.2,4851.3,4853.2,4854.9,4856.5,4857.9
1535,3S,4813.5,4815.6,4817.4,4819.2,4820.8,4822.2
1540,3S,4777.8,4779.8,4781.7,4783.5,4785.1,4786.5
1545,3S,4742.1,4744.1,4746,4747.8,4749.3,4750.8
1550,3S,4706.4,4708.4,4710.3,4712.1,4713.6,4715.1
1555,3S,4670.7,4672.7,4674.6,4676.4,4677.9,4679.3
1560,3S,4635,4637,4638.9,4640.6,4642.2,4643.6
1565,3S,4599.3,4601.3,4603.2,4604.9,4606.5,4607.9
1570,3S,4563.6,4565.6,4567.5,4569.2,4570.8,4572.2
1575,3S,4527.9,4529.9,4531.8,4533.5,4535.1,4536.5
1580,3S,4492.2,4494.2,4496.1,4497.8,4499.4,4500.8
1585,3S,4456.4,4458.5,4460.4,4462.1,4463.7,4465.1
1590,3S,4420.7,4422.8,4424.7,4426.4,4428,4429.4
1595,3S,4385,4387.1,4389,4390.7,4392.3,4393.7
1600,3S,4349.3,4351.4,4353.3,4355,4356.6,4358
1605,3S,4313.6,4315.7,4317.6,4319.3,4320.9,4322.2
1610,3S,4277.9,4280,4281.9,4283.6,4285.1,4286.5
1615,3S,4242.2,4244.3,4246.2,4247.9,4249.4,4250.8
1620,3S,4206.5,4208.6,4210.5,4212.2,4213.7,4215.1
1625,3S,4170.8,4172.9,4174.7,4176.5,4178,4179.4
1630,3S,4135.1,4137.2,4139,4140.8,4142.3,4143.7
1635,3S,4099.4,4101.4,4103.3,4105.1,4106.6,4108
1640,3S,4063.7,4065.7,4067.6,4069.3,4070.9,4072.3
1645,3S,4028,4030,4031.9,4033.6,4035.2,4036.6
1650,3S,3992.3,3994.3,3996.2,3997.9,3999.5,4000.9
1655,3S,3956.6,3958.6,3960.5,3962.2,3963.8,3965.2
1660,3S,3920.9,3922.9,3924.8,3926.5,3928.1,3929.4
1665,3S,3885.2,3887.2,3889.1,3890.8,3892.4,3893.7
1670,3S,3849.5,3851.5,3853.4,3855.1,3856.7,3858
1675,3S,3813.7,3815.8,3817.7,3819.4,3820.9,3822.3
1680,3S,3778,3780.1,3782,3783.7,3785.2,3786.6
1685,3S,3742.3,3744.4,3746.3,3748,3749.5,3750.9
1690,3S,3706.6,3708.7,3710.6,3712.3,3713.8,3715.2
1695,3S,3670.9,3673,3674.9,3676.6,3678.1,3679.5
1700,3S,3635.2,3637.3,3639.2,3640.9,3642.4,3643.8
1705,3S,3599.5,3601.6,3603.5,3605.2,3606.7,3608.1
1710,3S,3563.8,3565.9,3567.7,3569.5,3571,3572.4
1715,3S,3528.1,3530.2,3532,3533.8,3535.3,3536.6
1720,3S,3492.4,3494.5,3496.3,3498,3499.6,3500.9
1725,3S,3456.7,3458.7,3460.6,3462.3,3463.9,3465.2
1730,3S,3421,3423,3424.9,3426.6,3428.2,3429.5
1735,3S,3385.3,3387.3,3389.2,3390.9,3392.5,3393.8
1740,3S,3349.6,3351.6,3353.5,3355.2,3356.7,3358.1
1745,3S,3313.9,3315.9,3317.8,3319.5,3321,3322.4
1750,3S,3278.2,3280.2,3282.1,3283.8,3285.3,3286.7
1755,3S,3242.5,3244.5,3246.4,3248.1,3249.6,3251
1760,3S,3206.7,3208.8,3210.7,3212.4,3213.9,3215.3
1765,3S,3171,3173.1,3175,3176.7,3178.2,3179.5
1770,3S,3135.3,3137.4,3139.3,3141,3142.5,3143.8
1775,3S,3099.6,3101.7,3103.6,3105.3,3106.8,3108.1
1780,3S,3063.9,3066,3067.9,3069.6,3071.1,3072.4
1785,3S,3028.2,3030.3,3032.2,3033.9,3035.4,3036.7
1790,3S,2992.5,2994.6,2996.5,2998.2,2999.7,3001
1795,3S,2956.8,2958.9,2960.8,2962.4,2964,2965.3
1800,3S,2921.1,2923.2,2925,2926.7,2928.3,2929.6
1805,3S,2885.4,2887.5,2889.3,2891,2892.6,2893.9
1810,3S,2849.7,2851.8,2853.6,2855.4,2856.9,2858.3
1815,3S,2814,2816.1,2818,2819.7,2821.3,2822.7
1820,3S,2778.5,2780.5,2782.4,2784.1,2785.7,2787.2
1825,3S,2743,2745,2746.9,2748.6,2750.2,2751.7
1830,3S,2707.5,2709.6,2711.4,2713.2,2714.8,2716.2
1835,3S,2672.2,2674.2,2676.1,2677.8,2679.4,2680.9
1840,3S,2636.9,2639,2640.8,2642.6,2644.2,2645.6
1845,3S,2601.8,2603.8,2605.7,2607.4,2609,2610.4
1850,3S,2566.7,2568.7,2570.6,2572.3,2573.9,2575.3
1855,3S,2531.7,2533.7,2535.5,2537.3,2538.8,2540.3
1860,3S,2496.8,2498.8,2500.6,2502.3,2503.9,2505.3
1865,3S,2461.9,2463.9,2465.8,2467.5,2469.1,2470.5
1870,3S,2427.2,2429.2,2431,2432.7,2434.3,2435.7
1875,3S,2392.5,2394.5,2396.3,2398,2399.6,2401
1880,3S,2357.9,2359.9,2361.7,2363.4,2365,2366.4
1885,3S,2323.4,2325.4,2327.2,2328.9,2330.5,2331.9
1890,3S,2289,2291,2292.8,2294.5,2296,2297.4
1895,3S,2254.7,2256.6,2258.5,2260.2,2261.7,2263.1
1900,3S,2220.4,2222.4,2224.2,2225.9,2227.4,2228.8
1905,3S,2186.3,2188.2,2190,2191.7,2193.2,2194.6
1910,3S,2152.2,2154.1,2155.9,2157.6,2159.1,2160.5
1915,3S,2118.2,2120.1,2121.9,2123.6,2125.1,2126.5
1920,3S,2084.3,2086.2,2088,2089.7,2091.2,2092.6
1925,3S,2050.4,2052.4,2054.2,2055.8,2057.3,2058.7
1930,3S,2016.7,2018.6,2020.4,2022.1,2023.6,2024.9
1935,3S,1983,1985,1986.7,1988.4,1989.9,1991.2
1940,3S,1949.4,1951.4,1953.1,1954.8,1956.3,1957.6
1945,3S,1915.9,1917.9,1919.6,1921.3,1922.8,1924.1
1950,3S,1882.5,1884.4,1886.2,1887.8,1889.3,1890.7
1955,3S,1849.2,1851.1,1852.9,1854.5,1856,1857.3
1960,3S,1816,1817.9,1819.6,1821.2,1822.7,1824.1
1965,3S,1782.8,1784.7,1786.4,1788.1,1789.5,1790.9
1970,3S,1749.7,1751.6,1753.4,1755,1756.4,1757.8
1975,3S,1716.7,1718.6,1720.4,1722,1723.4,1724.8
1980,3S,1683.8,1685.7,1687.4,1689,1690.5,1691.8
1985,3S,1651,1652.9,1654.6,1656.2,1657.6,1659
1990,3S,1618.2,1620.1,1621.8,1623.4,1624.9,1626.2
1995,3S,1585.6,1587.4,1589.2,1590.8,1592.2,1593.5
2000,3S,1553,1554.9,1556.6,1558.2,1559.6,1560.9
2005,3S,1520.5,1522.4,1524.1,1525.7,1527.1,1528.4
2010,3S,1488.1,1489.9,1491.7,1493.2,1494.7,1496
2015,3S,1455.8,1457.6,1459.3,1460.9,1462.3,1463.6
2020,3S,1423.5,1425.4,1427.1,1428.6,1430.1,1431.3
2025,3S,1391.3,1393.2,1394.9,1396.5,1397.9,1399.2
2030,3S,1359.3,1361.1,1362.8,1364.4,1365.8,1367.1
2035,3S,1327.3,1329.1,1330.8,1332.4,1333.8,1335
2040,3S,1295.4,1297.2,1298.9,1300.4,1301.8,1303.1
2045,3S,1263.5,1265.4,1267.1,1268.6,1270,1271.3
2050,3S,1231.8,1233.6,1235.3,1236.8,1238.2,1239.5
2051,3S,1225.5,1227.3,1229,1230.5,1231.9,1233.2
2052,3S,1219.1,1220.9,1222.6,1224.2,1225.6,1226.8
2053,3S,1212.8,1214.6,1216.3,1217.8,1219.2,1220.5
2054,3S,1206.5,1208.3,1210,1211.5,1212.9,1214.1
2055,3S,1200.1,1202,1203.6,1205.2,1206.6,1207.8
2056,3S,1193.8,1195.6,1197.3,1198.8,1200.2,1201.5
2057,3S,1187.5,1189.3,1191,1192.5,1193.9,1195.2
2058,3S,1181.2,1183,1184.7,1186.2,1187.6,1188.8
2059,3S,1174.9,1176.7,1178.4,1179.9,1181.3,1182.5
2060,3S,1168.6,1170.4,1172,1173.6,1175,1176.2
2061,3S,1162.3,1164.1,1165.7,1167.3,1168.7,1169.9
2062,3S,1156,1157.8,1159.4,1161,1162.4,1163.6
2063,3S,1149.7,1151.5,1153.1,1154.7,1156,1157.3
2064,3S,1143.4,1145.2,1146.8,1148.4,1149.8,1151
2065,3S,1137.1,1138.9,1140.5,1142.1,1143.5,1144.7
2066,3S,1130.8,1132.6,1134.3,1135.8,1137.2,1138.4
2067,3S,1124.5,1126.3,1128,1129.5,1130.9,1132.1
2068,3S,1118.2,1120,1121.7,1123.2,1124.6,1125.8
2069,3S,1111.9,1113.7,1115.4,1116.9,1118.3,1119.5
2070,3S,1105.7,1107.5,1109.1,1110.6,1112,1113.3
2071,3S,1099.4,1101.2,1102.9,1104.4,1105.8,1107
2072,3S,1093.1,1094.9,1096.6,1098.1,1099.5,1100.7
2073,3S,1086.9,1088.7,1090.3,1091.8,1093.2,1094.5
2074,3S,1080.6,1082.4,1084.1,1085.6,1086.9,1088.2
2075,3S,1074.3,1076.1,1077.8,1079.3,1080.7,1081.9
2076,3S,1068.1,1069.9,1071.5,1073.1,1074.4,1075.7
2077,3S,1061.8,1063.6,1065.3,1066.8,1068.2,1069.4
2078,3S,1055.6,1057.4,1059,1060.5,1061.9,1063.2
2079,3S,1049.3,1051.1,1052.8,1054.3,1055.7,1056.9
2080,3S,1043.1,1044.9,1046.5,1048.1,1049.4,1050.7
2081,3S,1036.9,1038.7,1040.3,1041.8,1043.2,1044.4
2082,3S,1030.6,1032.4,1034.1,1035.6,1036.9,1038.2
2083,3S,1024.4,1026.2,1027.8,1029.3,1030.7,1031.9
2084,3S,1018.2,1020,1021.6,1023.1,1024.5,1025.7
2085,3S,1011.9,1013.7,1015.4,1016.9,1018.3,1019.5
2086,3S,1005.7,1007.5,1009.2,1010.7,1012,1013.3
2087,3S,999.5,1001.3,1002.9,1004.4,1005.8,1007
2088,3S,993.3,995.1,996.7,998.2,999.6,1000.8
2089,3S,987.1,988.9,990.5,992,993.4,994.6
2090,3S,980.9,982.7,984.3,985.8,987.2,988.4
2091,3S,974.7,976.4,978.1,979.6,981,982.2
2092,3S,968.5,970.2,971.9,973.4,974.7,976
2093,3S,962.3,964,965.7,967.2,968.5,969.8
2094,3S,956.1,957.8,959.5,961,962.3,963.6
2095,3S,949.9,951.7,953.3,954.8,956.2,957.4
2096,3S,943.7,945.5,947.1,948.6,950,951.2
2097,3S,937.5,939.3,940.9,942.4,943.8,945
2098,3S,931.3,933.1,934.7,936.2,937.6,938.8
2099,3S,925.1,926.9,928.6,930.1,931.4,932.6
2100,3S,919,920.7,922.4,923.9,925.2,926.4
2101,3S,912.8,914.6,916.2,917.7,919.1,920.3
2102,3S,906.6,908.4,910,911.5,912.9,914.1
2103,3S,900.5,902.2,903.9,905.4,906.7,907.9
2104,3S,894.3,896.1,897.7,899.2,900.5,901.8
2105,3S,888.1,889.9,891.5,893,894.4,895.6
2106,3S,882,883.8,885.4,886.9,888.2,889.4
2107,3S,875.8,877.6,879.2,880.7,882.1,883.3
2108,3S,869.7,871.5,873.1,874.6,875.9,877.1
2109,3S,863.6,865.3,866.9,868.4,869.8,871
2110,3S,857.4,859.2,860.8,862.3,863.6,864.8
2111,3S,851.3,853,854.7,856.1,857.5,858.7
2112,3S,845.1,846.9,848.5,850,851.3,852.5
2113,3S,839,840.8,842.4,843.9,845.2,846.4
2114,3S,832.9,834.6,836.3,837.7,839.1,840.3
2115,3S,826.8,828.5,830.1,831.6,833,834.2
2116,3S,820.6,822.4,824,825.5,826.8,828
2117,3S,814.5,816.3,817.9,819.4,820.7,821.9
2118,3S,808.4,810.2,811.8,813.3,814.6,815.8
2119,3S,802.3,804,805.7,807.1,808.5,809.7
2120,3S,796.2,797.9,799.6,801,802.4,803.6
2121,3S,790.1,791.8,793.4,794.9,796.3,797.4
2122,3S,784,785.7,787.3,788.8,790.2,791.3
2123,3S,777.9,779.6,781.2,782.7,784,785.2
2124,3S,771.8,773.5,775.1,776.6,778,779.1
2125,3S,765.7,767.4,769.1,770.5,771.9,773
2126,3S,759.6,761.4,763,764.4,765.8,767
2127,3S,753.5,755.3,756.9,758.3,759.7,760.9
2128,3S,747.4,749.2,750.8,752.3,753.6,754.8
2129,3S,741.4,743.1,744.7,746.2,747.5,748.7
2130,3S,735.3,737,738.6,740.1,741.4,742.6
2131,3S,729.2,731,732.6,734,735.4,736.5
2132,3S,723.1,724.9,726.5,728,729.3,730.5
2133,3S,717.1,718.8,720.4,721.9,723.2,724.4
2134,3S,711,712.8,714.4,715.8,717.2,718.3
2135,3S,705,706.7,708.3,709.8,711.1,712.3
2136,3S,698.9,700.7,702.3,703.7,705,706.2
2137,3S,692.9,694.6,696.2,697.7,699,700.2
2138,3S,686.8,688.6,690.2,691.6,692.9,694.1
2139,3S,680.8,682.5,684.1,685.6,686.9,688.1
2140,3S,674.7,676.5,678.1,679.5,680.8,682
2141,3S,668.7,670.4,672,673.5,674.8,676
2142,3S,662.7,664.4,666,667.4,668.8,669.9
2143,3S,656.6,658.4,660,661.4,662.7,663.9
2144,3S,650.6,652.3,653.9,655.4,656.7,657.9
2145,3S,644.6,646.3,647.9,649.4,650.7,651.8
2146,3S,638.6,640.3,641.9,643.3,644.6,645.8
2147,3S,632.5,634.3,635.9,637.3,638.6,639.8
2148,3S,626.5,628.3,629.8,631.3,632.6,633.8
2149,3S,620.5,622.2,623.8,625.3,626.6,627.8
2150,3S,614.5,616.2,617.8,619.3,620.6,621.7
2151,3S,608.5,610.2,611.8,613.3,614.6,615.7
2152,3S,602.5,604.2,605.8,607.3,608.6,609.7
2153,3S,596.5,598.2,599.8,601.3,602.6,603.7
2154,3S,590.5,592.2,593.8,595.3,596.6,597.7
2155,3S,584.5,586.2,587.8,589.3,590.6,591.7
2156,3S,578.5,580.3,581.8,583.3,584.6,585.7
2157,3S,572.5,574.3,575.8,577.3,578.6,579.8
2158,3S,566.6,568.3,569.9,571.3,572.6,573.8
2159,3S,560.6,562.3,563.9,565.3,566.6,567.8
2160,3S,554.6,556.3,557.9,559.4,560.6,561.8
2161,3S,548.6,550.4,551.9,553.4,554.7,555.8
2162,3S,542.7,544.4,546,547.4,548.7,549.9
2163,3S,536.7,538.4,540,541.4,542.7,543.9
2164,3S,530.7,532.5,534,535.5,536.8,537.9
2165,3S,524.8,526.5,528.1,529.5,530.8,532
2166,3S,518.8,520.6,522.1,523.6,524.9,526
2167,3S,512.9,514.6,516.2,517.6,518.9,520.1
2168,3S,506.9,508.7,510.2,511.7,512.9,514.1
2169,3S,501,502.7,504.3,505.7,507,508.2
2170,3S,495.1,496.8,498.3,499.8,501.1,502.2
2171,3S,489.1,490.8,492.4,493.8,495.1,496.3
2172,3S,483.2,484.9,486.5,487.9,489.2,490.3
2173,3S,477.3,479,480.5,482,483.2,484.4
2174,3S,471.3,473,474.6,476,477.3,478.5
2175,3S,465.4,467.1,468.7,470.1,471.4,472.5
2176,3S,459.5,461.2,462.8,464.2,465.5,466.6
2177,3S,453.6,455.3,456.8,458.3,459.5,460.7
2178,3S,447.7,449.4,450.9,452.3,453.6,454.8
2179,3S,441.7,443.4,445,446.4,447.7,448.9
2180,3S,435.8,437.5,439.1,440.5,441.8,442.9
2181,3S,429.9,431.6,433.2,434.6,435.9,437
2182,3S,424,425.7,427.3,428.7,430,431.1
2183,3S,418.1,419.8,421.4,422.8,424.1,425.2
2184,3S,412.2,413.9,415.5,416.9,418.2,419.3
2185,3S,406.3,408,409.6,411,412.3,413.4
2186,3S,400.5,402.2,403.7,405.1,406.4,407.5
2187,3S,394.6,396.3,397.8,399.2,400.5,401.7
2188,3S,388.7,390.4,391.9,393.4,394.6,395.8
2189,3S,382.8,384.5,386.1,387.5,388.8,389.9
2190,3S,376.9,378.6,380.2,381.6,382.9,384
2191,3S,371.1,372.8,374.3,375.7,377,378.1
2192,3S,365.2,366.9,368.4,369.9,371.1,372.3
2193,3S,359.3,361,362.6,364,365.3,366.4
2194,3S,353.5,355.2,356.7,358.1,359.4,360.5
2195,3S,347.6,349.3,350.9,352.3,353.5,354.7
2196,3S,341.8,343.5,345,346.4,347.7,348.8
2197,3S,335.9,337.6,339.2,340.6,341.8,343
2198,3S,330.1,331.8,333.3,334.7,336,337.1
2199,3S,324.2,325.9,327.5,328.9,330.1,331.3
2200,3S,318.4,320.1,321.6,323,324.3,325.4
2201,3S,312.6,314.2,315.8,317.2,318.4,319.6
2202,3S,306.7,308.4,309.9,311.3,312.6,313.7
2203,3S,300.9,302.6,304.1,305.5,306.8,307.9
2204,3S,295.1,296.7,298.3,299.7,300.9,302.1
2205,3S,289.2,290.9,292.5,293.9,295.1,296.2
2206,3S,283.4,285.1,286.6,288,289.3,290.4
2207,3S,277.6,279.3,280.8,282.2,283.5,284.6
2208,3S,271.8,273.5,275,276.4,277.7,278.8
2209,3S,266,267.7,269.2,270.6,271.8,273
2210,3S,260.2,261.8,263.4,264.8,266,267.1
2211,3S,254.4,256,257.6,259,260.2,261.3
2212,3S,248.6,250.2,251.8,253.2,254.4,255.5
2213,3S,242.8,244.4,246,247.4,248.6,249.7
2214,3S,237,238.6,240.2,241.6,242.8,243.9
2215,3S,231.2,232.9,234.4,235.8,237,238.1
2216,3S,225.4,227.1,228.6,230,231.2,232.4
2217,3S,219.6,221.3,222.8,224.2,225.5,226.6
2218,3S,213.8,215.5,217,218.4,219.7,220.8
2219,3S,208.1,209.7,211.3,212.6,213.9,215
2220,3S,202.3,204,205.5,206.9,208.1,209.2
2221,3S,196.5,198.2,199.7,201.1,202.3,203.4
2222,3S,190.8,192.4,193.9,195.3,196.6,197.7
2223,3S,185,186.6,188.2,189.6,190.8,191.9
2224,3S,179.2,180.9,182.4,183.8,185,186.1
2225,3S,173.5,175.1,176.6,178,179.3,180.4
2226,3S,167.7,169.4,170.9,172.3,173.5,174.6
2227,3S,162,163.6,165.1,166.5,167.8,168.9
2228,3S,156.2,157.9,159.4,160.8,162,163.1
2229,3S,150.5,152.1,153.6,155,156.3,157.4
2230,3S,144.7,146.4,147.9,149.3,150.5,151.6
2231,3S,139,140.7,142.2,143.5,144.8,145.9
2232,3S,133.3,134.9,136.4,137.8,139,140.3
2233,3S,127.5,129.2,130.7,132.1,133.3,134.7
2234,3S,121.8,123.5,125,126.3,127.6,129.1
2235,3S,116.1,117.7,119.2,120.6,121.9,123.6
2236,3S,110.4,112,113.5,114.9,116.1,118.4
2237,3S,104.7,106.3,107.8,109.2,110.4,113.5
2238,3S,98.9,100.6,102.1,103.5,104.8,108.5
2239,3S,93.2,94.9,96.4,97.8,99.2,103.6
2240,3S,87.5,89.2,90.7,92,93.7,98.8
2241,3S,81.8,83.5,85,86.3,88.5,94.2
2242,3S,76.1,77.8,79.3,80.6,83.6,89.6
2243,3S,70.4,72.1,73.6,74.9,78.6,85
2244,3S,64.7,66.4,67.9,69.3,73.8,80.5
2245,3S,59,60.7,62.2,63.8,69.2,76.5
2246,3S,53.4,55,56.5,58.5,64.6,72.6
2247,3S,47.7,49.3,50.8,53.6,60.2,68.6
2248,3S,42,43.6,45.1,48.8,56.2,64.6
2249,3S,36.3,37.9,39.4,44.2,52.2,61
2250,3S,30.8,32.3,33.8,39.8,48.3,57.3
2251,3S,25.8,26.6,28.5,35.8,44.6,53.7
2252,3S,21.2,20.9,23.7,31.9,41,50
2253,3S,17.1,15.3,19.3,28.3,37.4,46.8
2254,3S,13.4,9.6,15.4,24.6,34.2,43.8
2255,3S,10.2,4,11.9,21.6,31.2,40.8
2255.7,3S,8.2,0.3,9.8,19.5,29.1,38.7
